992,-207,160,-2106227326,1
968,-151,208,-2106227286,1
976,-159,192,-2106227246,1
984,-175,152,-2106227206,1
976,-159,152,-2106227166,1
1024,-159,152,-2106227126,1
1032,-143,96,-2106227086,1
1024,-135,120,-2106227046,1
1032,-127,128,-2106227006,1
1032,-111,160,-2106226966,1
992,-159,160,-2106226926,1
984,-175,96,-2106226886,1
976,-159,104,-2106226846,1
952,-167,152,-2106226806,1
1000,-159,144,-2106226766,1
960,-55,336,-2106226726,1
976,-127,168,-2106226686,1
936,-191,88,-2106226646,1
328,-623,432,-2106226606,1
664,1096,-1055,-2106226566,1
1520,2272,-1375,-2106226504,1
-279,-535,1488,-2106226464,1
1904,-1111,-287,-2106226424,1
2176,1056,-1343,-2106226384,1
872,-47,480,-2106226344,1
456,-175,112,-2106226304,1
896,-103,152,-2106226264,1
1136,-263,264,-2106226224,1
1208,-351,136,-2106226184,1
1264,-399,152,-2106226144,1
1296,-375,128,-2106226104,1
1240,-383,72,-2106226064,1
1192,-335,168,-2106226024,1
1104,-287,88,-2106225984,1
1024,-319,72,-2106225944,1
960,-239,72,-2106225904,1
960,-279,8,-2106225864,1
920,-167,120,-2106225824,1
984,-231,-23,-2106225784,1
944,-119,120,-2106225744,1
904,-223,-39,-2106225704,1
888,-231,-15,-2106225664,1
904,-175,32,-2106225624,1
864,-207,-95,-2106225584,1
800,-143,-143,-2106225544,1
824,-71,-175,-2106225483,1
872,-71,-71,-2106225443,1
856,-55,-207,-2106225403,1
848,64,-327,-2106225363,1
856,88,-199,-2106225323,1
872,88,-127,-2106225283,1
872,112,-127,-2106225243,1
848,112,-199,-2106225203,1
832,96,-191,-2106225163,1
840,64,-151,-2106225123,1
808,-15,-239,-2106225083,1
840,-95,-103,-2106225043,1
816,-159,-135,-2106225003,1
784,-167,-119,-2106224963,1
792,-183,-39,-2106224923,1
872,-287,56,-2106224883,1
928,-287,16,-2106224843,1
920,-407,208,-2106224803,1
968,-367,144,-2106224763,1
960,-423,200,-2106224723,1
984,-399,136,-2106224683,1
984,-487,144,-2106224643,1
1016,-487,240,-2106224603,1
960,-535,144,-2106224563,1
976,-527,176,-2106224523,1
1000,-495,136,-2106224461,1
1024,-487,216,-2106224421,1
1040,-495,184,-2106224381,1
1048,-543,176,-2106224341,1
1064,-535,152,-2106224301,1
1072,-551,184,-2106224261,1
1056,-527,80,-2106224221,1
1032,-439,80,-2106224181,1
984,-431,-7,-2106224141,1
968,-415,40,-2106224101,1
1016,-351,112,-2106224061,1
1016,-303,88,-2106224021,1
1024,-311,48,-2106223981,1
984,-295,72,-2106223941,1
1000,-327,40,-2106223901,1
1008,-367,56,-2106223861,1
1000,-367,72,-2106223821,1
976,-311,104,-2106223781,1
928,-311,88,-2106223741,1
968,-295,144,-2106223701,1
960,-271,48,-2106223661,1
968,-279,64,-2106223621,1
976,-295,32,-2106223581,1
1040,-311,72,-2106223541,1
992,-287,32,-2106223501,1
912,-247,40,-2106223440,1
888,-183,-191,-2106223400,1
816,-231,216,-2106223360,1
920,-255,112,-2106223320,1
952,-279,80,-2106223280,1
968,-295,24,-2106223240,1
960,-263,48,-2106223200,1
976,-287,48,-2106223160,1
984,-263,64,-2106223120,1
976,-287,72,-2106223080,1
968,-295,80,-2106223040,1
968,-287,64,-2106223000,1
976,-287,48,-2106222960,1
1008,-295,72,-2106222920,1
1008,-279,56,-2106222880,1
1560,-383,48,-2106218134,2
1288,-359,-31,-2106218094,2
888,-999,384,-2106218054,2
-447,-1583,512,-2106218014,2
-1327,-2247,952,-2106217974,2
1376,-2111,88,-2106217934,2
2664,-167,-903,-2106217894,2
2776,1512,-991,-2106217854,2
1896,1488,-551,-2106217814,2
1976,328,136,-2106217774,2
1320,120,-63,-2106217734,2
1248,-39,-23,-2106217694,2
1128,-191,32,-2106217654,2
1088,-271,56,-2106217614,2
1056,-335,64,-2106217574,2
1056,-367,40,-2106217534,2
1072,-383,-15,-2106217494,2
1072,-383,16,-2106217454,2
1096,-383,0,-2106217414,2
1096,-351,-31,-2106217374,2
1120,-367,-31,-2106217312,2
1072,-343,16,-2106217272,2
1040,-367,24,-2106217232,2
1024,-431,0,-2106217192,2
1032,-279,32,-2106217152,2
1064,-391,-167,-2106217112,2
1048,-351,-87,-2106217072,2
1016,-295,-119,-2106217032,2
984,-287,-127,-2106216992,2
952,-199,-111,-2106216952,2
904,-135,-47,-2106216912,2
888,-127,-127,-2106216872,2
896,-151,-87,-2106216832,2
920,-183,-103,-2106216792,2
960,-231,-119,-2106216752,2
936,-191,-127,-2106216712,2
928,-135,-199,-2106216672,2
904,-103,-255,-2106216632,2
872,-95,-207,-2106216592,2
904,-71,-143,-2106216552,2
920,-63,-119,-2106216512,2
928,-39,-183,-2106216472,2
912,-31,-247,-2106216432,2
944,32,-151,-2106216392,2
912,72,-215,-2106216352,2
936,32,-223,-2106216291,2
952,32,-215,-2106216251,2
936,-7,-207,-2106216211,2
936,24,-239,-2106216171,2
952,-23,-207,-2106216131,2
928,16,-247,-2106216091,2
864,32,-199,-2106216051,2
800,-15,-279,-2106216011,2
752,-87,-95,-2106215971,2
768,-71,-151,-2106215931,2
808,-103,-191,-2106215891,2
872,-151,-71,-2106215851,2
856,-159,-127,-2106215811,2
936,-327,-23,-2106215771,2
872,-263,-39,-2106215731,2
944,-343,-7,-2106215691,2
936,-415,56,-2106215651,2
992,-439,64,-2106215611,2
1016,-447,112,-2106215571,2
1024,-455,96,-2106215531,2
1040,-455,56,-2106215491,2
1016,-479,80,-2106215451,2
1024,-463,88,-2106215411,2
1032,-487,136,-2106215371,2
1024,-479,136,-2106215331,2
1000,-479,192,-2106215270,2
984,-471,232,-2106215230,2
968,-455,216,-2106215190,2
976,-487,224,-2106215150,2
976,-503,160,-2106215110,2
968,-439,104,-2106215070,2
856,-511,136,-2106215030,2
864,-471,88,-2106214990,2
944,-439,128,-2106214950,2
920,-423,96,-2106214910,2
904,-383,104,-2106214870,2
976,-335,152,-2106214830,2
1056,-519,72,-2106214790,2
1056,-479,112,-2106214750,2
1048,-423,80,-2106214710,2
1000,-391,64,-2106208942,3
904,-375,8,-2106208902,3
944,-367,8,-2106208862,3
928,-359,40,-2106208822,3
944,-359,128,-2106208782,3
976,-367,40,-2106208742,3
968,-375,24,-2106208702,3
960,-335,56,-2106208662,3
984,-343,48,-2106208622,3
976,-335,56,-2106208582,3
928,-335,88,-2106208542,3
960,-351,40,-2106208502,3
968,-351,48,-2106208462,3
992,-375,-23,-2106208422,3
1032,-367,96,-2106208382,3
944,-415,-15,-2106208342,3
976,-247,112,-2106208302,3
968,-311,48,-2106208262,3
952,-263,64,-2106208222,3
104,120,-279,-2106208182,3
568,-1791,1176,-2106208122,3
-1743,-623,632,-2106208082,3
-2119,-1799,1160,-2106208042,3
-2991,-1399,736,-2106208002,3
-2463,-1927,856,-2106207962,3
-1615,-695,-335,-2106207922,3
-727,-631,80,-2106207882,3
80,-439,-7,-2106207842,3
576,-351,64,-2106207802,3
880,-423,96,-2106207762,3
1000,-415,80,-2106207722,3
1072,-439,-15,-2106207682,3
1080,-383,-15,-2106207642,3
1064,-399,-23,-2106207602,3
1056,-375,72,-2106207562,3
1024,-311,136,-2106207522,3
1008,-375,0,-2106207482,3
968,-335,120,-2106207442,3
944,-351,96,-2106207402,3
904,-327,-23,-2106207362,3
880,-279,-15,-2106207322,3
864,-271,-23,-2106207282,3
896,-271,-63,-2106207242,3
912,-279,-55,-2106207202,3
944,-311,-87,-2106207162,3
952,-319,-111,-2106207100,3
952,-279,-87,-2106207060,3
912,-295,-175,-2106207020,3
904,-207,-119,-2106206980,3
864,-175,-159,-2106206940,3
880,-95,-191,-2106206900,3
888,-79,-191,-2106206860,3
904,-95,-295,-2106206820,3
928,-63,-295,-2106206780,3
928,-31,-239,-2106206740,3
928,-31,-223,-2106206700,3
944,-39,-159,-2106206660,3
952,-47,-207,-2106206620,3
968,-47,-231,-2106206580,3
960,-23,-239,-2106206540,3
912,-15,-351,-2106206500,3
864,8,-263,-2106206460,3
864,-87,-191,-2106206420,3
856,-135,-143,-2106206380,3
840,-103,-255,-2106206340,3
832,-143,-191,-2106206300,3
832,-319,-23,-2106206260,3
864,-303,-71,-2106206220,3
832,-319,-87,-2106206180,3
880,-351,80,-2106206140,3
896,-367,112,-2106206080,3
960,-423,160,-2106206040,3
960,-463,128,-2106206000,3
1016,-471,184,-2106205960,3
960,-447,152,-2106205920,3
984,-423,168,-2106205880,3
920,-407,200,-2106205840,3
944,-423,136,-2106205800,3
944,-471,128,-2106205760,3
968,-479,176,-2106205720,3
968,-503,152,-2106205680,3
984,-535,240,-2106205640,3
1000,-527,176,-2106205600,3
1024,-543,224,-2106205560,3
992,-511,88,-2106205520,3
976,-431,176,-2106201795,4
944,-423,128,-2106201755,4
952,-423,192,-2106201715,4
968,-471,232,-2106201675,4
912,-455,80,-2106201635,4
888,-431,120,-2106201595,4
920,-399,184,-2106201555,4
984,-415,136,-2106201515,4
944,-391,120,-2106201475,4
888,-335,136,-2106201435,4
968,-439,248,-2106201395,4
1000,-423,144,-2106201355,4
984,-407,152,-2106201315,4
952,-399,88,-2106201275,4
896,-375,56,-2106201235,4
896,-383,152,-2106201195,4
912,-327,120,-2106201155,4
560,112,176,-2106201115,4
-967,-183,424,-2106201075,4
-1399,-1479,1664,-2106201035,4
1344,-1999,-15,-2106200973,4
2712,-1471,-527,-2106200933,4
3400,-1159,-815,-2106200893,4
3248,-1119,256,-2106200853,4
1632,-951,128,-2106200813,4
1504,-695,256,-2106200773,4
1208,-639,120,-2106200733,4
1104,-527,144,-2106200693,4
1056,-415,176,-2106200653,4
1040,-503,80,-2106200613,4
1024,-359,224,-2106200573,4
1032,-463,24,-2106200533,4
1024,-423,120,-2106200493,4
992,-383,120,-2106200453,4
992,-391,16,-2106200413,4
984,-319,72,-2106200373,4
968,-343,-39,-2106200333,4
944,-303,64,-2106200293,4
936,-303,56,-2106200253,4
952,-271,56,-2106200213,4
936,-223,48,-2106200173,4
968,-231,-23,-2106200133,4
936,-183,40,-2106200093,4
928,-207,-55,-2106200053,4
912,-231,-55,-2106200013,4
920,-271,-87,-2106199952,4
904,-287,-87,-2106199912,4
912,-239,-119,-2106199872,4
920,-223,-95,-2106199832,4
872,-199,-95,-2106199792,4
840,-143,-247,-2106199752,4
872,-111,-239,-2106199712,4
912,-95,-263,-2106199672,4
936,-103,-279,-2106199632,4
928,-143,-279,-2106199592,4
872,-135,-239,-2106199552,4
864,-103,-159,-2106199512,4
872,-231,-39,-2106199472,4
816,-191,-247,-2106199432,4
800,-167,-223,-2106199392,4
792,-239,-151,-2106199352,4
824,-295,-103,-2106199312,4
840,-327,-79,-2106199272,4
848,-343,-47,-2106199232,4
920,-359,32,-2106199192,4
912,-367,80,-2106199152,4
968,-439,64,-2106199112,4
888,-423,88,-2106199072,4
960,-511,80,-2106199032,4
976,-519,120,-2106198992,4
1016,-519,96,-2106198930,4
968,-519,136,-2106198890,4
1000,-471,128,-2106198850,4
944,-495,72,-2106198810,4
960,-503,120,-2106198770,4
968,-527,112,-2106198730,4
1000,-567,248,-2106198690,4
1008,-575,184,-2106198650,4
1032,-583,264,-2106198610,4
1016,-583,80,-2106198570,4
1032,-551,96,-2106198530,4
992,-551,64,-2106198490,4
984,-511,96,-2106198450,4
864,-191,-175,-2106198410,4
800,-279,216,-2106198370,4
1008,-295,184,-2106194645,5
976,-383,104,-2106194605,5
944,-343,160,-2106194565,5
928,-359,112,-2106194525,5
944,-367,176,-2106194485,5
976,-423,152,-2106194445,5
960,-455,152,-2106194405,5
952,-431,32,-2106194365,5
928,-367,40,-2106194325,5
944,-343,88,-2106194285,5
976,-399,56,-2106194245,5
1112,-639,280,-2106194205,5
1480,-591,264,-2106194165,5
320,-1135,688,-2106194125,5
-1447,464,0,-2106194085,5
1320,-1351,192,-2106194045,5
2696,-1607,-215,-2106194005,5
3384,-2439,232,-2106193965,5
1112,-87,-303,-2106193925,5
1008,-871,408,-2106193885,5
1056,-351,-15,-2106193823,5
1016,-247,-79,-2106193783,5
976,-311,40,-2106193743,5
1032,-383,72,-2106193703,5
1048,-415,56,-2106193663,5
1072,-455,48,-2106193623,5
1080,-431,64,-2106193583,5
1072,-439,48,-2106193543,5
1072,-487,80,-2106193503,5
1056,-487,64,-2106193463,5
1040,-455,104,-2106193423,5
1040,-511,64,-2106193383,5
1008,-415,136,-2106193343,5
1008,-463,72,-2106193303,5
992,-367,160,-2106193263,5
968,-407,64,-2106193223,5
960,-359,112,-2106193183,5
904,-327,-15,-2106193143,5
920,-319,-39,-2106193103,5
904,-239,8,-2106193063,5
904,-255,-31,-2106193023,5
912,-255,48,-2106192983,5
904,-279,64,-2106192943,5
888,-247,32,-2106192903,5
904,-199,-7,-2106192863,5
880,-199,-47,-2106192801,5
944,-207,-7,-2106192761,5
944,-231,-55,-2106192721,5
968,-247,-127,-2106192681,5
968,-231,-55,-2106192641,5
856,-95,-375,-2106192601,5
880,0,-191,-2106192561,5
936,-7,-47,-2106192521,5
936,-95,-79,-2106192481,5
928,-127,-87,-2106192441,5
952,-95,-143,-2106192401,5
952,-47,-183,-2106192361,5
944,-23,-255,-2106192321,5
904,-23,-199,-2106192281,5
848,-15,-175,-2106192241,5
808,-127,-95,-2106192201,5
832,-119,-127,-2106192161,5
752,-183,-135,-2106192121,5
808,-239,-71,-2106192081,5
832,-319,32,-2106192041,5
872,-367,32,-2106192001,5
880,-359,80,-2106191961,5
928,-359,144,-2106191921,5
944,-407,136,-2106191881,5
984,-455,104,-2106191841,5
984,-503,88,-2106191780,5
984,-487,168,-2106191740,5
992,-535,192,-2106191700,5
960,-551,200,-2106191660,5
984,-519,152,-2106191620,5
952,-543,152,-2106191580,5
984,-527,160,-2106191540,5
984,-559,160,-2106191500,5
1000,-559,128,-2106191460,5
1040,-559,80,-2106191420,5
1040,-535,96,-2106191380,5
1024,-527,80,-2106191340,5
1040,-519,64,-2106191300,5
1008,-495,56,-2106191260,5
976,-519,56,-2106191220,5
952,-423,0,-2106186472,6
944,-343,48,-2106186432,6
968,-351,-39,-2106186392,6
960,-367,-23,-2106186352,6
944,-383,128,-2106186312,6
960,-383,64,-2106186272,6
1064,-391,8,-2106186232,6
952,-375,-39,-2106186192,6
968,-359,0,-2106186152,6
1056,-359,24,-2106186112,6
1000,-359,96,-2106186072,6
984,-375,-71,-2106186032,6
952,-311,-31,-2106185992,6
1200,-391,-23,-2106185952,6
1096,-991,560,-2106185912,6
2592,-1327,-295,-2106185872,6
552,-2367,1280,-2106185832,6
1944,-3151,456,-2106185792,6
2824,-3495,336,-2106185752,6
3448,-2111,-575,-2106185712,6
2384,-2031,584,-2106185651,6
2000,-1471,96,-2106185611,6
1376,-1039,48,-2106185571,6
1136,-711,-95,-2106185531,6
1096,-543,-15,-2106185491,6
1080,-495,-79,-2106185451,6
1088,-415,-55,-2106185411,6
1088,-423,-31,-2106185371,6
1080,-423,-15,-2106185331,6
1064,-391,32,-2106185291,6
1048,-407,40,-2106185251,6
1032,-351,104,-2106185211,6
1040,-415,-15,-2106185171,6
1040,-383,8,-2106185131,6
1040,-399,48,-2106185091,6
992,-399,-63,-2106185051,6
944,-271,72,-2106185011,6
928,-303,-87,-2106184971,6
888,-287,-23,-2106184931,6
896,-239,0,-2106184891,6
920,-287,-79,-2106184851,6
912,-231,-15,-2106184811,6
928,-223,-39,-2106184771,6
912,-191,-15,-2106184731,6
904,-143,-103,-2106184691,6
912,-119,-127,-2106184628,6
896,-127,-175,-2106184588,6
960,-167,-127,-2106184548,6
920,-207,-55,-2106184508,6
896,-223,-79,-2106184468,6
888,-167,-127,-2106184428,6
912,-119,-119,-2106184388,6
928,-79,-143,-2106184348,6
944,-87,-215,-2106184308,6
960,-95,-127,-2106184268,6
952,-103,-247,-2106184228,6
936,-95,-207,-2106184188,6
896,-71,-207,-2106184148,6
856,-47,-303,-2106184108,6
816,-87,-119,-2106184068,6
808,-151,-143,-2106184028,6
816,-239,-39,-2106183988,6
856,-343,-47,-2106183948,6
872,-359,8,-2106183908,6
920,-431,64,-2106183868,6
920,-415,64,-2106183828,6
920,-471,64,-2106183788,6
928,-463,72,-2106183748,6
920,-511,80,-2106183708,6
920,-479,128,-2106183668,6
968,-471,128,-2106183608,6
952,-463,120,-2106183568,6
968,-487,152,-2106183528,6
960,-455,128,-2106183488,6
984,-479,168,-2106183448,6
1000,-503,208,-2106183408,6
1040,-535,200,-2106183368,6
1040,-543,136,-2106183328,6
1040,-511,112,-2106183288,6
1016,-519,56,-2106183248,6
936,-527,144,-2106183208,6
952,-527,64,-2106183168,6
1008,-479,256,-2106183128,6
1000,-391,72,-2106183088,6
984,-543,224,-2106183048,6
920,-279,240,-2106179322,7
928,-383,88,-2106179282,7
936,-359,112,-2106179242,7
944,-319,152,-2106179202,7
952,-311,168,-2106179162,7
976,-367,80,-2106179122,7
960,-383,104,-2106179082,7
976,-359,120,-2106179042,7
992,-351,112,-2106179002,7
1000,-367,96,-2106178962,7
928,-343,8,-2106178922,7
904,-407,0,-2106178882,7
944,-303,24,-2106178842,7
888,-223,64,-2106178802,7
1288,-359,280,-2106178762,7
368,-127,-39,-2106178722,7
-751,-799,832,-2106178682,7
-1511,-1847,1360,-2106178642,7
1248,-2455,280,-2106178602,7
2664,-2295,-407,-2106178562,7
3376,-2271,-487,-2106178501,7
1088,-775,-207,-2106178461,7
896,-1007,224,-2106178421,7
1056,-879,240,-2106178381,7
1048,-527,-7,-2106178341,7
1032,-479,80,-2106178301,7
1064,-471,72,-2106178261,7
1080,-471,32,-2106178221,7
1144,-431,56,-2106178181,7
1152,-431,-15,-2106178141,7
1120,-415,32,-2106178101,7
1064,-375,96,-2106178061,7
1064,-439,72,-2106178021,7
1048,-447,128,-2106177981,7
1048,-487,80,-2106177941,7
1040,-495,8,-2106177901,7
968,-375,144,-2106177861,7
928,-375,8,-2106177821,7
872,-303,96,-2106177781,7
840,-215,168,-2106177741,7
872,-327,96,-2106177701,7
888,-271,64,-2106177661,7
928,-287,-7,-2106177621,7
952,-327,128,-2106177581,7
896,-327,0,-2106177541,7
912,-311,-23,-2106177479,7
912,-263,-47,-2106177439,7
912,-247,-79,-2106177399,7
912,-199,-127,-2106177359,7
912,-87,-167,-2106177319,7
920,-87,-47,-2106177279,7
952,-103,-23,-2106177239,7
952,-95,-63,-2106177199,7
952,-111,-47,-2106177159,7
968,-79,-103,-2106177119,7
976,-31,-127,-2106177079,7
976,16,-159,-2106177039,7
1016,-23,-103,-2106176999,7
1000,-103,-119,-2106176959,7
960,-47,-87,-2106176919,7
920,-23,-119,-2106176879,7
888,-95,-95,-2106176839,7
840,-103,-159,-2106176799,7
840,-127,-47,-2106176759,7
768,-119,-87,-2106176719,7
808,-159,-63,-2106176679,7
792,-231,56,-2106176639,7
840,-295,56,-2106176599,7
840,-351,72,-2106176559,7
920,-431,216,-2106176519,7
952,-431,48,-2106176458,7
984,-439,56,-2106176418,7
992,-407,24,-2106176378,7
992,-383,96,-2106176338,7
1016,-343,144,-2106176298,7
1040,-351,192,-2106176258,7
1064,-415,200,-2106176218,7
1040,-415,128,-2106176178,7
1072,-407,120,-2106176138,7
1048,-375,120,-2106176098,7
1048,-399,88,-2106176058,7
1032,-399,240,-2106176018,7
976,-423,144,-2106175978,7
984,-487,224,-2106175938,7
984,-551,240,-2106175898,7
-1535,1208,320,-2106171150,8
-2791,1088,616,-2106171110,8
632,-39,-127,-2106171070,8
408,432,-415,-2106171030,8
688,-239,224,-2106170990,8
832,-495,152,-2106170950,8
920,-535,56,-2106170910,8
1000,-551,8,-2106170870,8
1048,-535,-31,-2106170830,8
1096,-511,-23,-2106170790,8
1104,-455,16,-2106170750,8
1104,-463,0,-2106170710,8
1080,-423,-39,-2106170670,8
1112,-487,-23,-2106170630,8
1104,-375,64,-2106170590,8
1136,-439,8,-2106170550,8
1056,-367,80,-2106170510,8
976,-351,8,-2106170470,8
880,-351,-31,-2106170430,8
848,-287,48,-2106170390,8
848,-327,-7,-2106170330,8
872,-271,-15,-2106170290,8
920,-255,-47,-2106170250,8
944,-279,-127,-2106170210,8
936,-151,16,-2106170170,8
936,-231,88,-2106170130,8
920,-223,120,-2106170090,8
896,-255,-31,-2106170050,8
880,-223,-95,-2106170010,8
888,-255,-103,-2106169970,8
920,-255,16,-2106169930,8
912,-159,-119,-2106169890,8
912,-103,-143,-2106169850,8
920,-111,-87,-2106169810,8
936,-159,-111,-2106169770,8
968,-151,-103,-2106169730,8
944,-127,-199,-2106169690,8
952,-63,-135,-2106169650,8
960,-23,-175,-2106169610,8
968,-23,-231,-2106169570,8
976,-23,-223,-2106169530,8
984,-47,-167,-2106169490,8
968,-23,-231,-2106169450,8
976,-39,-271,-2106169410,8
936,0,-255,-2106169370,8
904,-7,-255,-2106169308,8
880,-127,-111,-2106169268,8
864,-151,-191,-2106169228,8
864,-255,-47,-2106169188,8
840,-215,-127,-2106169148,8
760,-215,-127,-2106169108,8
776,-287,80,-2106169068,8
784,-215,64,-2106169028,8
824,-319,160,-2106168988,8
888,-383,248,-2106168948,8
936,-535,152,-2106168908,8
984,-591,216,-2106168868,8
984,-591,120,-2106168828,8
960,-551,112,-2106168788,8
944,-511,120,-2106168748,8
960,-479,160,-2106168708,8
968,-495,64,-2106168668,8
992,-463,104,-2106168628,8
1000,-463,128,-2106168588,8
992,-471,112,-2106168548,8
992,-519,40,-2106168508,8
1024,-527,-15,-2106168468,8
1056,-487,8,-2106168428,8
1088,-487,16,-2106168388,8
1088,-463,24,-2106168348,8
1104,-423,80,-2106168287,8
1200,-335,88,-2106168247,8
1112,-391,-7,-2106168207,8
1024,-359,-39,-2106168167,8
1016,-335,-15,-2106168127,8
1000,-423,16,-2106168087,8
792,-367,56,-2106168047,8
864,-383,64,-2106168007,8
976,-367,96,-2106167967,8
960,-391,56,-2106167927,8
968,-423,24,-2106167887,8
976,-423,0,-2106167847,8
976,-375,48,-2106167807,8
976,-367,24,-2106167767,8
944,-399,8,-2106167727,8
944,-423,16,-2106167687,8
968,-391,-15,-2106167647,8
976,-383,-31,-2106167607,8
968,-375,-39,-2106167567,8
968,-343,8,-2106167527,8
968,-351,0,-2106167487,8
992,-375,-23,-2106167447,8
944,-391,0,-2106167407,8
936,-351,16,-2106167367,8
952,-367,-39,-2106167327,8
976,-335,24,-2106166245,8
928,-343,-175,-2106166205,8
992,-327,-119,-2106166165,8
992,-407,-47,-2106166125,8
984,-359,-23,-2106166085,8
992,-311,-47,-2106166045,8
944,-239,-47,-2106166005,8
960,-263,-71,-2106165965,8
984,-271,-7,-2106165925,8
968,-319,-39,-2106165885,8
984,-319,-55,-2106165845,8
992,-327,-31,-2106165805,8
976,-311,-39,-2106165765,8
992,-311,-47,-2106165725,8
992,-319,-63,-2106165685,8
1152,-495,40,-2106161959,9
1104,-423,16,-2106161919,9
1016,-327,64,-2106161879,9
1088,-311,112,-2106161839,9
1080,-343,48,-2106161799,9
1024,-375,8,-2106161759,9
984,-343,-47,-2106161719,9
960,-343,-15,-2106161679,9
952,-343,24,-2106161639,9
968,-359,-15,-2106161599,9
968,-327,16,-2106161559,9
976,-335,24,-2106161519,9
1008,-351,24,-2106161479,9
1024,-375,-15,-2106161439,9
1000,-335,-63,-2106161399,9
992,-319,-71,-2106161359,9
984,-295,-47,-2106161319,9
976,-311,40,-2106161279,9
896,-343,-31,-2106161239,9
1320,-1351,600,-2106161199,9
2456,-2159,536,-2106161137,9
-719,-583,192,-2106161097,9
-1639,-1823,1168,-2106161057,9
-1807,-2647,1344,-2106161017,9
1040,-2471,280,-2106160977,9
1776,-1903,368,-2106160937,9
1744,-991,-135,-2106160897,9
1520,-799,40,-2106160857,9
1312,-655,32,-2106160817,9
1176,-559,-7,-2106160777,9
1160,-495,16,-2106160737,9
1144,-463,-119,-2106160697,9
1112,-399,-15,-2106160657,9
1096,-399,-71,-2106160617,9
1072,-415,-15,-2106160577,9
1064,-351,0,-2106160537,9
1032,-399,-63,-2106160497,9
1032,-399,8,-2106160457,9
1032,-391,0,-2106160417,9
1008,-407,8,-2106160377,9
992,-407,-39,-2106160337,9
960,-303,-7,-2106160297,9
952,-335,-47,-2106160257,9
944,-239,8,-2106160217,9
952,-311,-47,-2106160177,9
928,-239,8,-2106160116,9
936,-239,-95,-2106160076,9
944,-239,-71,-2106160036,9
952,-223,-39,-2106159996,9
968,-199,-47,-2106159956,9
936,-191,-47,-2106159916,9
944,-199,-55,-2106159876,9
928,-167,-103,-2106159836,9
944,-175,-63,-2106159796,9
952,-167,-55,-2106159756,9
928,-175,-119,-2106159716,9
904,-119,-159,-2106159676,9
912,-111,-151,-2106159636,9
936,-103,-127,-2106159596,9
944,-71,-175,-2106159556,9
960,-23,-191,-2106159516,9
952,-7,-263,-2106159476,9
952,16,-239,-2106159436,9
968,-23,-199,-2106159396,9
952,-63,-159,-2106159356,9
960,-39,-191,-2106159316,9
952,-23,-207,-2106159276,9
968,-39,-207,-2106159236,9
936,-39,-207,-2106159196,9
896,-71,-111,-2106159156,9
920,-55,-159,-2106159094,9
864,-55,-159,-2106159054,9
896,-63,-167,-2106159014,9
856,-87,-159,-2106158974,9
840,-143,-111,-2106158934,9
832,-143,-79,-2106158894,9
848,-223,-95,-2106158854,9
848,-247,-87,-2106158814,9
896,-311,32,-2106158774,9
920,-359,-31,-2106158734,9
992,-367,104,-2106158694,9
1016,-407,144,-2106158654,9
1024,-431,128,-2106158614,9
1016,-423,152,-2106158574,9
968,-439,88,-2106158534,9
952,-247,8,-2106152967,10
984,-295,-103,-2106152927,10
920,-287,16,-2106152887,10
456,-199,-319,-2106152847,10
728,-367,-199,-2106152807,10
864,-431,0,-2106152767,10
936,-311,8,-2106152727,10
968,-303,8,-2106152687,10
968,-319,-55,-2106152647,10
944,-303,-15,-2106152607,10
992,-295,-23,-2106152567,10
960,-287,-47,-2106152527,10
848,-239,-47,-2106152487,10
936,-263,-47,-2106152447,10
960,-303,-71,-2106152407,10
944,-287,-95,-2106152367,10
976,-279,-55,-2106152327,10
1000,-303,-71,-2106152287,10
976,-303,-39,-2106152247,10
1024,-319,-71,-2106152207,10
960,-287,-159,-2106152167,10
976,-271,-87,-2106152127,10
912,-263,-79,-2106152087,10
944,-303,-39,-2106152047,10
880,-47,-119,-2106152007,10
1992,-263,200,-2106151946,10
1016,1360,-999,-2106151906,10
2552,-247,-647,-2106151866,10
3296,504,-1567,-2106151826,10
3688,-87,-1351,-2106151786,10
3888,-223,-1199,-2106151746,10
1720,-615,192,-2106151706,10
920,-463,0,-2106151666,10
1168,-303,-127,-2106151626,10
1232,-431,0,-2106151586,10
1184,-407,-79,-2106151546,10
1184,-423,-111,-2106151506,10
1192,-351,0,-2106151466,10
1168,-335,-39,-2106151426,10
1096,-335,-55,-2106151386,10
1024,-255,24,-2106151346,10
968,-327,-95,-2106151306,10
912,-295,0,-2106151266,10
912,-351,0,-2106151226,10
904,-351,-127,-2106151186,10
912,-231,-47,-2106151146,10
904,-303,-135,-2106151106,10
880,-271,-79,-2106151066,10
880,-271,-63,-2106151026,10
864,-247,-63,-2106150986,10
904,-199,-111,-2106150924,10
888,-199,-23,-2106150884,10
904,-175,-79,-2106150844,10
928,-183,-79,-2106150804,10
952,-127,-95,-2106150764,10
944,-135,-143,-2106150724,10
912,-79,-175,-2106150684,10
928,-39,-183,-2106150644,10
936,-31,-119,-2106150604,10
944,-31,-143,-2106150564,10
944,-63,-175,-2106150524,10
960,-55,-167,-2106150484,10
960,-39,-167,-2106150444,10
968,-79,-255,-2106150404,10
952,-39,-183,-2106150364,10
920,-7,-191,-2106150324,10
920,-47,-199,-2106150284,10
888,-23,-247,-2106150244,10
808,-15,-295,-2106150204,10
792,-71,-207,-2106150164,10
792,-247,0,-2106150124,10
832,-183,-71,-2106150084,10
880,-215,40,-2106150044,10
904,-239,-47,-2106150004,10
904,-207,-55,-2106149964,10
928,-343,-15,-2106149904,10
904,-319,-7,-2106149864,10
936,-375,-31,-2106149824,10
944,-431,64,-2106149784,10
960,-415,136,-2106149744,10
1000,-455,88,-2106149704,10
1000,-431,176,-2106149664,10
1000,-487,176,-2106149624,10
976,-551,64,-2106149584,10
1008,-583,88,-2106149544,10
1000,-623,168,-2106149504,10
984,-575,232,-2106149464,10
952,-575,240,-2106149424,10
976,-535,160,-2106149384,10
976,-535,112,-2106149344,10
960,-519,136,-2106149304,10
984,-527,88,-2106149264,10
1008,-487,184,-2106149224,10
952,-423,120,-2106149184,10
1000,-343,104,-2106149144,10
1040,-415,-47,-2106149104,10
960,-327,40,-2106149064,10
1000,-359,8,-2106149024,10
976,-383,8,-2106148984,10
1000,-383,-23,-2106148944,10
