-1015,240,-111,-2106644478,1
-983,392,128,-2106644438,1
-959,336,-71,-2106644398,1
-975,280,-71,-2106644358,1
-983,240,-87,-2106644318,1
-1031,208,-87,-2106644278,1
-991,280,-23,-2106644238,1
-991,272,-31,-2106644198,1
-1391,216,-167,-2106644158,1
-1167,200,-71,-2106644118,1
-1095,248,-87,-2106644078,1
-1055,256,-87,-2106644038,1
-823,416,48,-2106643998,1
-231,120,128,-2106643958,1
80,-631,488,-2106643918,1
1232,240,-415,-2106643878,1
680,-1231,736,-2106643838,1
-143,1216,-967,-2106643798,1
-2111,56,544,-2106643758,1
-943,-1559,728,-2106643718,1
1544,-687,-407,-2106644168,1
1248,1424,-1095,-2106644128,1
-1231,2248,-615,-2106644088,1
-2655,968,520,-2106644048,1
-527,1496,-839,-2106644008,1
-1655,456,64,-2106643968,1
-1695,-127,176,-2106643928,1
-1391,392,-279,-2106643888,1
-1271,504,-191,-2106643848,1
-1183,192,16,-2106643808,1
-1207,264,-159,-2106643768,1
-1167,320,-135,-2106643728,1
-1127,272,-127,-2106643688,1
-1047,248,-183,-2106643648,1
-1023,240,-191,-2106643608,1
-1023,264,-103,-2106643568,1
-1007,312,-319,-2106643528,1
-1031,280,-351,-2106643488,1
-1047,256,-383,-2106643448,1
-1047,312,-375,-2106643408,1
-1071,368,-431,-2106643368,1
-1063,320,-551,-2106643328,1
-1079,320,-535,-2106643288,1
-1103,392,-575,-2106643248,1
-1111,384,-551,-2106643208,1
-1111,360,-639,-2106643657,1
-1151,368,-591,-2106643617,1
-1183,392,-567,-2106643577,1
-1215,392,-623,-2106643537,1
-1151,368,-655,-2106643497,1
-1175,416,-623,-2106643457,1
-1167,440,-663,-2106643417,1
-1183,400,-719,-2106643377,1
-1183,432,-687,-2106643337,1
-1159,488,-671,-2106643297,1
-1151,432,-695,-2106643257,1
-1135,360,-719,-2106643217,1
-1095,376,-751,-2106643177,1
-1063,360,-743,-2106643137,1
-1031,336,-711,-2106643097,1
-967,376,-671,-2106643057,1
-911,360,-711,-2106643017,1
-855,336,-695,-2106642977,1
-799,320,-647,-2106642937,1
-735,296,-607,-2106642897,1
-655,248,-663,-2106642857,1
-591,264,-607,-2106642817,1
-527,288,-607,-2106642777,1
-463,256,-631,-2106642737,1
-399,200,-663,-2106642697,1
-311,216,-663,-2106643146,1
-239,240,-679,-2106643106,1
-199,208,-695,-2106643066,1
-151,176,-655,-2106643026,1
-95,176,-607,-2106642986,1
-79,184,-567,-2106642946,1
-23,120,-527,-2106642906,1
48,128,-567,-2106642866,1
96,176,-495,-2106642826,1
128,176,-551,-2106642786,1
168,144,-599,-2106642746,1
216,128,-543,-2106642706,1
272,152,-607,-2106642666,1
264,112,-543,-2106642626,1
264,80,-455,-2106642586,1
280,72,-431,-2106642546,1
288,112,-543,-2106642506,1
288,152,-471,-2106642466,1
272,128,-415,-2106642426,1
272,104,-431,-2106642386,1
256,88,-447,-2106642346,1
200,120,-367,-2106642306,1
184,160,-455,-2106642266,1
168,128,-431,-2106642226,1
112,48,-527,-2106642186,1
-1247,112,-759,-2106642125,1
-1231,72,-647,-2106642085,1
-1215,120,-503,-2106642045,1
-1159,176,-399,-2106642005,1
-1127,176,-471,-2106641965,1
-1119,136,-423,-2106641925,1
-1095,136,-375,-2106641885,1
-1087,200,-431,-2106641845,1
-1111,160,-511,-2106641805,1
-1095,128,-551,-2106641765,1
-1111,160,-471,-2106641725,1
-1111,232,-439,-2106641685,1
-1079,224,-407,-2106641645,1
-1031,168,-415,-2106641605,1
-1015,168,-383,-2106641565,1
-991,168,-207,-2106641525,1
-1007,168,-31,-2106641485,1
-839,-71,296,-2106641445,1
-791,128,152,-2106641405,1
-935,48,-63,-2106641365,1
-959,112,-23,-2106641325,1
-991,152,-23,-2106641285,1
-999,112,-71,-2106641245,1
-991,176,-103,-2106641205,1
-991,136,-63,-2106641165,1
-1007,224,-15,-2106640592,1
-983,208,-23,-2106640552,1
-983,112,16,-2106640512,1
-1071,104,0,-2106640472,1
-1039,168,-79,-2106640432,1
-1031,208,0,-2106640392,1
-1031,224,56,-2106640352,1
-1023,240,-47,-2106640312,1
-1031,216,-71,-2106640272,1
-999,-111,-95,-2106640232,1
-967,104,-31,-2106640192,1
-1023,136,-39,-2106640152,1
-991,208,-71,-2106640112,1
-967,192,-39,-2106640072,1
-991,168,-55,-2106640032,1
-999,168,-71,-2106639992,1
-999,160,-39,-2106639952,1
-1007,144,-7,-2106639912,1
-1015,232,-7,-2106639872,1
-983,272,32,-2106639832,1
-975,248,24,-2106639792,1
-1007,248,-15,-2106639752,1
-959,288,-31,-2106639712,1
-975,256,-71,-2106639672,1
-1015,272,-55,-2106639632,1
-1039,152,-15,-2106641103,1
-1071,112,-47,-2106641063,1
-1047,152,-55,-2106641023,1
-1015,200,-87,-2106640983,1
-991,256,-31,-2106640943,1
-999,152,-63,-2106640903,1
-967,176,40,-2106640863,1
-1015,216,56,-2106640823,1
-1007,216,8,-2106640783,1
-999,200,-47,-2106640743,1
-983,208,-63,-2106640703,1
-1007,208,-47,-2106640663,1
-1023,200,-23,-2106640623,1
-1031,184,-47,-2106640583,1
-999,208,-23,-2106640543,1
-975,208,-7,-2106640503,1
-983,184,0,-2106640463,1
-983,184,40,-2106640423,1
-1007,184,-39,-2106640383,1
-999,208,-71,-2106640343,1
-999,200,-47,-2106640303,1
-1007,216,-55,-2106640263,1
-999,208,-23,-2106640223,1
-1007,216,-23,-2106640183,1
-1007,232,-39,-2106640143,1
72,64,-519,-2106642635,1
16,112,-511,-2106642595,1
-55,72,-535,-2106642555,1
-111,24,-495,-2106642515,1
-183,32,-575,-2106642475,1
-263,80,-703,-2106642435,1
-367,104,-607,-2106642395,1
-447,64,-503,-2106642355,1
-527,96,-799,-2106642315,1
-599,160,-751,-2106642275,1
-663,120,-719,-2106642235,1
-743,48,-655,-2106642195,1
-823,144,-863,-2106642155,1
-887,184,-719,-2106642115,1
-959,128,-663,-2106642075,1
-983,176,-47,-2106636304,2
-951,168,-63,-2106636264,2
-983,168,-55,-2106636224,2
-991,224,-39,-2106636184,2
-1015,200,24,-2106636144,2
-975,192,-55,-2106636104,2
-671,264,56,-2106636064,2
-839,224,-87,-2106636024,2
-959,96,-7,-2106635984,2
-943,120,-71,-2106635944,2
-999,120,-87,-2106635904,2
-1047,152,-71,-2106635864,2
-991,136,-95,-2106635824,2
-1071,208,-151,-2106635784,2
-935,208,-87,-2106635744,2
-927,240,-47,-2106635704,2
-983,184,-87,-2106635664,2
-1551,752,-951,-2106635624,2
-1223,-199,392,-2106635584,2
-2519,432,-391,-2106635544,2
-3295,776,-55,-2106635994,2
-95,976,-839,-2106635954,2
-2031,1648,-295,-2106635914,2
-2943,-199,1064,-2106635874,2
-1623,-1887,912,-2106635834,2
592,-2327,336,-2106635794,2
2248,-1751,-367,-2106635754,2
3128,-719,-879,-2106635714,2
2624,888,-1279,-2106635674,2
2192,568,-143,-2106635634,2
240,-303,384,-2106635594,2
248,-231,176,-2106635554,2
-495,-351,80,-2106635514,2
-559,-199,32,-2106635474,2
-927,80,-207,-2106635434,2
-943,256,-175,-2106635394,2
-991,248,-191,-2106635354,2
-1015,184,-231,-2106635314,2
-1007,176,-359,-2106635274,2
-1031,144,-399,-2106635234,2
-1063,144,-439,-2106635194,2
-1103,112,-455,-2106635154,2
-1111,120,-463,-2106635114,2
-1135,128,-567,-2106635074,2
-1143,136,-551,-2106635034,2
-471,144,-711,-2106634973,2
-407,160,-671,-2106634933,2
-335,128,-663,-2106634893,2
-295,128,-663,-2106634853,2
-239,120,-663,-2106634813,2
-175,152,-647,-2106634773,2
-103,168,-631,-2106634733,2
-55,112,-695,-2106634693,2
-15,48,-695,-2106634653,2
32,88,-719,-2106634613,2
72,96,-687,-2106634573,2
112,56,-679,-2106634533,2
160,32,-679,-2106634493,2
168,40,-527,-2106634453,2
200,32,-583,-2106634413,2
240,16,-487,-2106634373,2
232,48,-519,-2106634333,2
248,56,-447,-2106634293,2
304,32,-487,-2106634253,2
304,24,-503,-2106634213,2
272,72,-511,-2106634173,2
272,40,-575,-2106634133,2
280,32,-655,-2106634093,2
256,72,-671,-2106634053,2
232,56,-719,-2106634013,2
224,32,-743,-2106634461,2
216,80,-743,-2106634421,2
184,56,-751,-2106634381,2
152,16,-759,-2106634341,2
136,64,-735,-2106634301,2
96,48,-687,-2106634261,2
48,8,-639,-2106634221,2
40,32,-727,-2106634181,2
0,72,-695,-2106634141,2
-31,64,-671,-2106634101,2
-79,40,-639,-2106634061,2
-135,32,-679,-2106634021,2
-151,48,-647,-2106633981,2
-207,56,-711,-2106633941,2
-295,48,-719,-2106633901,2
-383,72,-743,-2106633861,2
-431,64,-655,-2106633821,2
-471,8,-711,-2106633781,2
-551,-39,-679,-2106633741,2
-631,32,-663,-2106633701,2
-671,8,-703,-2106633661,2
-743,8,-799,-2106633621,2
-799,24,-783,-2106633581,2
-839,16,-767,-2106633541,2
-887,8,-823,-2106633501,2
-943,80,-791,-2106633951,2
-1015,120,-767,-2106633911,2
-999,80,-735,-2106633871,2
-1071,144,-703,-2106633831,2
-1143,168,-735,-2106633791,2
-1167,112,-647,-2106633751,2
-1167,72,-703,-2106633711,2
-1167,72,-775,-2106633671,2
-1167,104,-735,-2106633631,2
-1207,80,-663,-2106633591,2
-1199,40,-655,-2106633551,2
-1167,48,-671,-2106633511,2
-1135,80,-703,-2106633471,2
-1119,-15,-623,-2106633431,2
-1111,0,-663,-2106633391,2
-1119,16,-535,-2106633351,2
-1127,64,-399,-2106633311,2
-1127,104,-375,-2106633271,2
-1095,152,-335,-2106633231,2
-1063,184,-255,-2106633191,2
-1015,96,-463,-2106633151,2
-1031,104,-311,-2106633111,2
-983,128,-287,-2106633071,2
-999,168,-247,-2106633031,2
-999,208,-271,-2106632991,2
-1031,144,-343,-2106633440,2
-991,136,-263,-2106633400,2
-991,192,-215,-2106633360,2
-1175,232,-199,-2106633320,2
-1119,152,-135,-2106633280,2
-1119,168,-79,-2106633240,2
-1055,144,-23,-2106633200,2
-1039,288,-23,-2106633160,2
-967,200,-119,-2106633120,2
-919,152,-23,-2106633080,2
-839,136,-55,-2106633040,2
-991,168,-63,-2106633000,2
-975,240,-15,-2106632960,2
-999,264,24,-2106632920,2
-1039,200,16,-2106632880,2
-1047,128,-47,-2106632840,2
-999,104,0,-2106632800,2
-975,128,-23,-2106632760,2
-983,152,-63,-2106632720,2
-1039,136,-119,-2106632680,2
-1031,128,-55,-2106632640,2
-1087,216,-7,-2106632600,2
-1031,240,16,-2106632560,2
-1087,176,-63,-2106632520,2
-1127,152,-55,-2106632480,2
-1055,184,-31,-2106632929,2
-1007,176,-7,-2106632889,2
-991,168,-47,-2106632849,2
-1015,136,-111,-2106632809,2
-1055,80,-103,-2106632769,2
-1055,136,-15,-2106632729,2
-991,208,-63,-2106632689,2
-967,240,-79,-2106632649,2
-959,224,-63,-2106632609,2
-911,232,-127,-2106632569,2
-975,128,-23,-2106632529,2
-983,152,-55,-2106632489,2
-1015,216,-15,-2106632449,2
-999,232,-55,-2106632409,2
-1023,208,-39,-2106632369,2
-999,144,-63,-2106627111,3
-999,184,8,-2106627071,3
-1007,160,-87,-2106627031,3
-1015,152,-79,-2106626991,3
-983,136,-63,-2106626951,3
-983,136,0,-2106626911,3
-999,144,-63,-2106626871,3
-983,176,-103,-2106626831,3
-967,224,-103,-2106626791,3
-959,192,-111,-2106626751,3
-999,200,8,-2106626711,3
-1015,184,-39,-2106626671,3
-983,248,0,-2106626631,3
-1039,200,-71,-2106626591,3
-1071,160,-79,-2106626551,3
-1039,128,-63,-2106626511,3
-983,152,16,-2106626471,3
-1023,104,-31,-2106626431,3
-1103,80,-55,-2106626391,3
-975,264,-23,-2106626351,3
-911,304,-103,-2106626800,3
-943,192,-103,-2106626760,3
-1111,328,-191,-2106626720,3
-391,576,-223,-2106626680,3
584,-39,272,-2106626640,3
1552,440,-631,-2106626600,3
-343,-1199,1032,-2106626560,3
1520,64,-935,-2106626520,3
-223,1992,-999,-2106626480,3
-2151,2192,-191,-2106626440,3
-3111,1320,320,-2106626400,3
-3599,128,808,-2106626360,3
-3599,-1271,1224,-2106626320,3
-3127,-2311,1104,-2106626280,3
-3063,-71,-751,-2106626240,3
-1271,-679,424,-2106626200,3
-375,-295,104,-2106626160,3
-1039,-335,24,-2106626120,3
-1111,-351,40,-2106626080,3
-959,80,-127,-2106626040,3
-855,32,24,-2106626000,3
-863,40,-23,-2106625960,3
-895,96,-71,-2106625920,3
-959,112,-127,-2106625880,3
-991,136,-151,-2106625840,3
-1015,88,-263,-2106626290,3
-991,128,-343,-2106626250,3
-1023,120,-415,-2106626210,3
-1063,112,-487,-2106626170,3
-1079,120,-511,-2106626130,3
-1087,184,-495,-2106626090,3
-1111,192,-543,-2106626050,3
-1135,160,-503,-2106626010,3
-1119,184,-519,-2106625970,3
-1143,184,-503,-2106625930,3
-1127,208,-527,-2106625890,3
-1159,200,-479,-2106625850,3
-1159,216,-519,-2106625810,3
-1151,232,-519,-2106625770,3
-1151,208,-503,-2106625730,3
-1151,208,-535,-2106625690,3
-1119,232,-543,-2106625650,3
-1111,208,-607,-2106625610,3
-1111,192,-583,-2106625570,3
-1087,216,-559,-2106625530,3
-1047,232,-639,-2106625490,3
-1047,176,-687,-2106625450,3
-1023,144,-655,-2106625410,3
-967,176,-623,-2106625370,3
-935,192,-687,-2106625330,3
-935,152,-735,-2106625779,3
-887,152,-703,-2106625739,3
-831,208,-663,-2106625699,3
-783,208,-687,-2106625659,3
-743,176,-775,-2106625619,3
-695,208,-687,-2106625579,3
-623,208,-695,-2106625539,3
-567,200,-711,-2106625499,3
-495,192,-799,-2106625459,3
-431,216,-1007,-2106625419,3
-431,184,-1007,-2106625379,3
-423,136,-847,-2106625339,3
-383,168,-823,-2106625299,3
-359,128,-919,-2106625259,3
-319,72,-887,-2106625219,3
-287,104,-807,-2106625179,3
-231,152,-687,-2106625139,3
-159,72,-767,-2106625099,3
-111,-55,-735,-2106625059,3
-71,24,-647,-2106625019,3
-31,88,-615,-2106624979,3
24,40,-711,-2106624939,3
56,32,-727,-2106624899,3
64,48,-735,-2106624859,3
104,72,-735,-2106624819,3
136,80,-783,-2106625268,3
144,96,-815,-2106625228,3
136,104,-759,-2106625188,3
168,88,-767,-2106625148,3
224,56,-847,-2106625108,3
256,96,-783,-2106625068,3
256,96,-807,-2106625028,3
280,80,-727,-2106624988,3
280,88,-783,-2106624948,3
296,128,-695,-2106624908,3
288,152,-639,-2106624868,3
296,152,-599,-2106624828,3
296,176,-655,-2106624788,3
288,136,-639,-2106624748,3
288,144,-663,-2106624708,3
296,120,-695,-2106624668,3
304,160,-751,-2106624628,3
312,128,-807,-2106624588,3
288,88,-831,-2106624548,3
288,120,-767,-2106624508,3
264,152,-855,-2106624468,3
256,104,-895,-2106624428,3
232,80,-855,-2106624388,3
208,128,-831,-2106624348,3
176,136,-791,-2106624308,3
160,104,-831,-2106624757,3
160,96,-759,-2106624717,3
128,120,-703,-2106624677,3
128,120,-759,-2106624637,3
128,120,-751,-2106624597,3
88,104,-719,-2106624557,3
40,80,-703,-2106624517,3
-7,80,-639,-2106624477,3
-63,56,-639,-2106624437,3
-95,48,-631,-2106624397,3
-167,40,-575,-2106624357,3
-191,40,-711,-2106624317,3
-231,56,-695,-2106624277,3
-311,48,-671,-2106624237,3
-351,-55,-751,-2106624197,3
-375,-15,-775,-2106624157,3
-431,24,-727,-2106624117,3
-471,40,-703,-2106624077,3
-575,48,-887,-2106624037,3
-639,64,-799,-2106623997,3
-711,40,-791,-2106623957,3
-743,40,-815,-2106623917,3
-807,56,-831,-2106623877,3
-855,56,-815,-2106623837,3
-903,88,-711,-2106623797,3
-903,88,-855,-2106624247,3
-951,96,-879,-2106624207,3
-999,88,-807,-2106624167,3
-1039,80,-743,-2106624127,3
-1039,104,-823,-2106624087,3
-1071,136,-759,-2106624047,3
-1095,104,-775,-2106624007,3
-1119,56,-695,-2106623967,3
-1095,80,-767,-2106623927,3
-1095,128,-679,-2106623887,3
-1087,144,-631,-2106623847,3
-1103,80,-615,-2106623807,3
-1095,56,-519,-2106623767,3
-1087,96,-543,-2106623727,3
-1071,152,-463,-2106623687,3
-1047,152,-487,-2106623647,3
-1047,120,-455,-2106623607,3
-1039,144,-375,-2106623567,3
-1047,168,-303,-2106623527,3
-1039,208,-295,-2106623487,3
-1047,208,-311,-2106623447,3
-1031,176,-319,-2106623407,3
-1015,144,-263,-2106623367,3
-1023,176,-167,-2106623327,3
-1015,200,-271,-2106623287,3
-935,80,-351,-2106623736,3
-959,64,-287,-2106623696,3
-1015,24,-295,-2106623656,3
-991,152,-79,-2106623616,3
-999,216,-127,-2106623576,3
-975,216,-319,-2106623536,3
-991,136,-415,-2106623496,3
-943,152,-367,-2106623456,3
-943,168,-271,-2106623416,3
-959,200,-79,-2106623376,3
-999,192,-23,-2106623336,3
-1007,232,24,-2106623296,3
-999,272,64,-2106623256,3
-999,272,24,-2106623216,3
-1015,296,-31,-2106623176,3
-991,144,-215,-2106618939,4
-959,216,-95,-2106618899,4
-975,232,24,-2106618859,4
-1039,216,8,-2106618819,4
-975,232,-71,-2106618779,4
-951,232,-103,-2106618739,4
-943,208,-87,-2106618699,4
-967,224,-55,-2106618659,4
-975,184,-79,-2106618619,4
-951,152,-79,-2106618579,4
-983,144,-39,-2106618539,4
-1031,160,-143,-2106618499,4
-1039,176,-15,-2106618459,4
-983,200,-71,-2106618419,4
-991,256,-7,-2106618379,4
-1015,232,-39,-2106618339,4
-1095,192,-31,-2106618299,4
-1079,256,0,-2106618259,4
-151,48,32,-2106618219,4
-471,80,-103,-2106618179,4
-719,64,24,-2106618628,4
-1023,416,72,-2106618588,4
-991,288,-23,-2106618548,4
-1023,-95,120,-2106618508,4
-863,800,-543,-2106618468,4
-127,-543,720,-2106618428,4
136,-1639,952,-2106618388,4
-1807,656,-551,-2106618348,4
-2391,-1111,1008,-2106618308,4
-135,-2175,616,-2106618268,4
1872,-1959,-231,-2106618228,4
2976,-1207,-655,-2106618188,4
3520,-623,-815,-2106618148,4
3776,-151,-935,-2106618108,4
3480,776,-1271,-2106618068,4
2528,-359,432,-2106618028,4
-239,-71,-183,-2106617988,4
-751,-431,192,-2106617948,4
-1263,16,-231,-2106617908,4
-1359,-31,-175,-2106617868,4
-1007,128,-175,-2106617828,4
-967,24,-95,-2106617788,4
-959,8,-191,-2106617748,4
-975,96,-239,-2106617708,4
-1015,136,-303,-2106617668,4
-1015,168,-319,-2106618118,4
-1063,136,-423,-2106618078,4
-1071,104,-391,-2106618038,4
-1063,160,-343,-2106617998,4
-1055,208,-391,-2106617958,4
-1087,128,-543,-2106617918,4
-1095,80,-511,-2106617878,4
-1079,88,-495,-2106617838,4
-1071,120,-503,-2106617798,4
-1095,112,-559,-2106617758,4
-1087,128,-463,-2106617718,4
-1087,168,-471,-2106617678,4
-1079,208,-519,-2106617638,4
-1063,192,-551,-2106617598,4
-1063,208,-527,-2106617558,4
-1079,232,-575,-2106617518,4
-1063,208,-583,-2106617478,4
-1063,240,-527,-2106617438,4
-1031,288,-575,-2106617398,4
-1031,224,-639,-2106617358,4
-999,176,-615,-2106617318,4
-983,176,-623,-2106617278,4
-927,160,-631,-2106617238,4
-911,112,-743,-2106617198,4
-863,120,-671,-2106617158,4
-831,136,-655,-2106617607,4
-799,152,-687,-2106617567,4
-767,104,-767,-2106617527,4
-735,112,-703,-2106617487,4
-687,184,-711,-2106617447,4
-655,128,-727,-2106617407,4
-607,88,-791,-2106617367,4
-567,72,-799,-2106617327,4
-559,112,-775,-2106617287,4
-511,104,-791,-2106617247,4
-463,64,-919,-2106617207,4
-439,72,-879,-2106617167,4
-391,120,-1023,-2106617127,4
-359,80,-1015,-2106617087,4
-351,64,-951,-2106617047,4
-327,112,-935,-2106617007,4
-271,80,-983,-2106616967,4
-255,64,-951,-2106616927,4
-223,112,-799,-2106616887,4
-159,152,-815,-2106616847,4
-143,64,-815,-2106616807,4
-103,48,-783,-2106616767,4
-95,72,-727,-2106616727,4
-39,80,-703,-2106616687,4
-7,48,-679,-2106616647,4
88,0,-671,-2106616586,4
72,-7,-631,-2106616546,4
0,16,-615,-2106616506,4
-39,32,-623,-2106616466,4
-71,40,-623,-2106616426,4
-111,16,-647,-2106616386,4
-183,24,-639,-2106616346,4
-239,32,-671,-2106616306,4
-303,56,-687,-2106616266,4
-375,48,-647,-2106616226,4
-455,0,-743,-2106616186,4
-479,56,-807,-2106616146,4
-535,8,-751,-2106616106,4
-623,-15,-831,-2106616066,4
-695,40,-895,-2106616026,4
-751,48,-871,-2106615986,4
-791,40,-799,-2106615946,4
-839,64,-959,-2106615906,4
-871,96,-759,-2106615866,4
-943,104,-823,-2106615826,4
-983,104,-751,-2106615786,4
-991,128,-887,-2106615746,4
-991,128,-823,-2106615706,4
-1007,80,-855,-2106615666,4
-1055,64,-807,-2106615626,4
-1095,40,-695,-2106616075,4
-1111,88,-687,-2106616035,4
-1079,112,-783,-2106615995,4
-1087,16,-751,-2106615955,4
-1095,-15,-599,-2106615915,4
-1087,64,-519,-2106615875,4
-1055,160,-519,-2106615835,4
-1071,144,-599,-2106615795,4
-1095,128,-543,-2106615755,4
-1095,112,-479,-2106615715,4
-1095,120,-383,-2106615675,4
-1095,152,-375,-2106615635,4
-1079,152,-367,-2106615595,4
-1071,48,-463,-2106615555,4
-1055,64,-375,-2106615515,4
-1031,184,-151,-2106609236,5
-1023,200,-63,-2106609196,5
-911,224,-159,-2106609156,5
-911,208,-79,-2106609116,5
-855,208,-87,-2106609076,5
-919,192,8,-2106609036,5
-1111,-231,160,-2106608996,5
120,-63,-79,-2106608956,5
-1935,504,-87,-2106608916,5
-2623,1792,-671,-2106608876,5
-255,-535,376,-2106608836,5
1160,1056,-1359,-2106608796,5
-439,2560,-1087,-2106608756,5
-2063,3128,-575,-2106608716,5
-2999,3256,-415,-2106608676,5
-3463,3360,-487,-2106608636,5
-3487,3608,-751,-2106608596,5
-3783,2768,-111,-2106608556,5
-3503,2216,-655,-2106608516,5
-1607,1624,-319,-2106608476,5
-1855,1192,-423,-2106608925,5
-1231,968,-239,-2106608885,5
-1263,720,-215,-2106608845,5
-983,296,-71,-2106608805,5
-967,64,-255,-2106608765,5
-927,-39,-271,-2106608725,5
-935,-63,-287,-2106608685,5
-991,8,-335,-2106608645,5
-1023,80,-303,-2106608605,5
-1079,136,-319,-2106608565,5
-1111,120,-415,-2106608525,5
-1127,128,-447,-2106608485,5
-1111,120,-487,-2106608445,5
-1111,112,-567,-2106608405,5
-1087,152,-607,-2106608365,5
-1087,192,-607,-2106608325,5
-1127,184,-647,-2106608285,5
-1159,176,-671,-2106608245,5
-1191,184,-647,-2106608205,5
-1191,192,-663,-2106608165,5
-1207,192,-647,-2106608125,5
-1215,176,-687,-2106608085,5
-1175,192,-631,-2106608045,5
-1175,192,-615,-2106608005,5
-1159,184,-615,-2106607965,5
-1119,240,-623,-2106608415,5
-1103,232,-607,-2106608375,5
-1079,184,-623,-2106608335,5
-1031,160,-703,-2106608295,5
-991,176,-623,-2106608255,5
-927,184,-679,-2106608215,5
-895,168,-735,-2106608175,5
-839,160,-767,-2106608135,5
-799,192,-735,-2106608095,5
-791,200,-839,-2106608055,5
-727,168,-767,-2106608015,5
-663,104,-743,-2106607975,5
-591,104,-759,-2106607935,5
-567,104,-791,-2106607895,5
-511,72,-775,-2106607855,5
-463,96,-783,-2106607815,5
-399,152,-759,-2106607775,5
-335,104,-847,-2106607735,5
-303,48,-767,-2106607695,5
-263,56,-767,-2106607655,5
-207,72,-799,-2106607615,5
-151,64,-759,-2106607575,5
-135,56,-719,-2106607535,5
-71,72,-735,-2106607495,5
8,72,-695,-2106607455,5
32,48,-679,-2106607904,5
88,80,-687,-2106607864,5
120,112,-615,-2106607824,5
152,72,-639,-2106607784,5
168,88,-583,-2106607744,5
192,104,-639,-2106607704,5
232,96,-647,-2106607664,5
240,80,-599,-2106607624,5
232,96,-599,-2106607584,5
224,88,-631,-2106607544,5
264,72,-727,-2106607504,5
264,56,-639,-2106607464,5
272,40,-687,-2106607424,5
264,56,-727,-2106607384,5
256,24,-767,-2106607344,5
248,-7,-847,-2106607304,5
224,-15,-855,-2106607264,5
192,-7,-887,-2106607224,5
192,-23,-887,-2106607184,5
184,-7,-815,-2106607144,5
136,0,-823,-2106607104,5
128,8,-775,-2106607064,5
120,16,-791,-2106607024,5
88,24,-687,-2106606984,5
88,8,-655,-2106606944,5
72,0,-663,-2106607393,5
64,24,-631,-2106607353,5
16,40,-655,-2106607313,5
-15,56,-655,-2106607273,5
-55,56,-695,-2106607233,5
-111,32,-647,-2106607193,5
-175,56,-687,-2106607153,5
-223,56,-727,-2106607113,5
-255,24,-695,-2106607073,5
-303,24,-727,-2106607033,5
-375,32,-767,-2106606993,5
-463,40,-799,-2106606953,5
-495,48,-807,-2106606913,5
-519,40,-735,-2106606873,5
-615,64,-815,-2106606833,5
-663,72,-831,-2106606793,5
-703,48,-823,-2106606753,5
-775,24,-791,-2106606713,5
-823,48,-911,-2106606673,5
-839,72,-887,-2106606633,5
-887,72,-831,-2106606593,5
-951,80,-703,-2106606553,5
-991,88,-823,-2106606513,5
-1023,96,-823,-2106606473,5
-1031,32,-775,-2106606433,5
-1039,-15,-743,-2106606882,5
-1087,-15,-703,-2106606842,5
-1071,16,-743,-2106606802,5
-1071,32,-655,-2106606762,5
-1071,8,-623,-2106606722,5
-1071,-23,-631,-2106606682,5
-1079,64,-687,-2106606642,5
-1055,56,-607,-2106606602,5
-1055,24,-615,-2106606562,5
-1071,-23,-583,-2106606522,5
-1095,-23,-487,-2106606482,5
-1087,16,-447,-2106606442,5
-1071,104,-423,-2106606402,5
-1063,112,-415,-2106606362,5
-1055,112,-343,-2106606322,5
-1031,120,-335,-2106606282,5
-1039,144,-311,-2106606242,5
-1023,136,-359,-2106606202,5
-1015,96,-319,-2106606162,5
-1007,128,-223,-2106606122,5
-1023,176,-231,-2106606082,5
-1039,72,-271,-2106606042,5
-1039,80,-239,-2106606002,5
-1039,160,-151,-2106605962,5
-1023,184,-175,-2106605922,5
-999,144,-287,-2106606372,5
-991,56,-343,-2106606332,5
-1007,80,-335,-2106606292,5
-999,88,-215,-2106606252,5
-951,96,-119,-2106606212,5
-943,184,-71,-2106606172,5
-959,168,-39,-2106606132,5
-943,200,0,-2106606092,5
-1023,136,-39,-2106606052,5
-1015,152,-71,-2106606012,5
-1047,104,56,-2106605972,5
-1055,160,-87,-2106605932,5
-1079,184,-127,-2106605892,5
-1087,176,-127,-2106605852,5
-1023,144,-15,-2106605812,5
-1015,144,-87,-2106602087,6
-991,168,-87,-2106602047,6
-983,224,-55,-2106602007,6
-999,200,-87,-2106601967,6
-1015,224,-47,-2106601927,6
-991,280,-79,-2106601887,6
-959,168,-39,-2106601847,6
-911,192,-63,-2106601807,6
-967,176,-39,-2106601767,6
-967,96,-95,-2106601727,6
-983,160,-63,-2106601687,6
-919,152,-63,-2106601647,6
-975,128,-71,-2106601607,6
-1039,88,-47,-2106601567,6
-1111,72,-151,-2106601527,6
-1167,80,-31,-2106601487,6
-1151,136,-47,-2106601447,6
-951,224,-159,-2106601407,6
-1023,232,-71,-2106601367,6
-991,224,-79,-2106601327,6
-967,168,-103,-2106601776,6
-807,128,-55,-2106601736,6
-823,-95,72,-2106601696,6
-1591,144,-207,-2106601656,6
-1639,1160,-759,-2106601616,6
-2831,1440,-495,-2106601576,6
96,1464,-999,-2106601536,6
-1991,1656,168,-2106601496,6
-2783,-471,1112,-2106601456,6
-2159,-2167,992,-2106601416,6
-1335,-3087,912,-2106601376,6
-735,-3551,792,-2106601336,6
-383,-3807,776,-2106601296,6
-79,-3927,656,-2106601256,6
-1431,-751,-919,-2106601216,6
-1023,-1215,496,-2106601176,6
-591,-1143,200,-2106601136,6
-1223,-367,-495,-2106601096,6
-1367,-87,-423,-2106601056,6
-1167,-207,-215,-2106601016,6
-1239,-7,-335,-2106600976,6
-1231,120,-399,-2106600936,6
-1191,120,-447,-2106600896,6
-1119,176,-455,-2106600856,6
-1103,160,-503,-2106600816,6
-1103,144,-535,-2106601265,6
-1111,96,-567,-2106601225,6
-1119,128,-591,-2106601185,6
-1127,160,-615,-2106601145,6
-1135,128,-631,-2106601105,6
-1135,112,-639,-2106601065,6
-1151,112,-639,-2106601025,6
-1151,128,-615,-2106600985,6
-1127,96,-655,-2106600945,6
-1127,96,-655,-2106600905,6
-1143,104,-671,-2106600865,6
-1103,144,-687,-2106600825,6
-1095,104,-663,-2106600785,6
-1063,88,-735,-2106600745,6
-1039,144,-735,-2106600705,6
-1015,144,-703,-2106600665,6
-991,112,-623,-2106600625,6
-919,128,-599,-2106600585,6
-895,160,-599,-2106600545,6
-831,168,-639,-2106600505,6
-783,136,-655,-2106600465,6
-719,120,-631,-2106600425,6
-663,152,-655,-2106600385,6
-615,184,-679,-2106600345,6
-559,120,-759,-2106600305,6
-503,120,-759,-2106600754,6
-463,120,-799,-2106600714,6
-431,80,-879,-2106600674,6
-391,16,-887,-2106600634,6
-359,56,-831,-2106600594,6
-295,88,-839,-2106600554,6
-271,56,-847,-2106600514,6
-239,40,-783,-2106600474,6
-191,72,-807,-2106600434,6
-143,64,-847,-2106600394,6
-111,64,-791,-2106600354,6
-79,56,-823,-2106600314,6
-55,40,-823,-2106600274,6
-23,40,-791,-2106600234,6
16,64,-799,-2106600194,6
56,40,-807,-2106600154,6
80,40,-735,-2106600114,6
88,80,-631,-2106600074,6
112,80,-655,-2106600034,6
152,48,-727,-2106599994,6
176,48,-719,-2106599954,6
184,56,-623,-2106599914,6
200,32,-655,-2106599874,6
200,40,-663,-2106599834,6
208,80,-751,-2106599794,6
208,40,-663,-2106600244,6
200,16,-711,-2106600204,6
216,24,-791,-2106600164,6
208,8,-815,-2106600124,6
184,-7,-807,-2106600084,6
184,-15,-831,-2106600044,6
224,-15,-847,-2106600004,6
208,8,-831,-2106599964,6
184,24,-807,-2106599924,6
168,8,-855,-2106599884,6
144,-7,-879,-2106599844,6
88,8,-759,-2106599804,6
56,24,-703,-2106599764,6
64,24,-719,-2106599724,6
80,24,-663,-2106599684,6
64,48,-671,-2106599644,6
16,40,-671,-2106599604,6
-23,24,-687,-2106599564,6
-47,32,-647,-2106599524,6
-79,32,-543,-2106599484,6
-119,32,-631,-2106599444,6
-183,48,-671,-2106599404,6
-231,80,-703,-2106599364,6
-271,64,-703,-2106599324,6
-335,64,-719,-2106599284,6
-399,96,-791,-2106599733,6
-455,80,-735,-2106599693,6
-519,48,-855,-2106599653,6
-591,56,-935,-2106599613,6
-623,80,-855,-2106599573,6
-647,96,-767,-2106599533,6
-695,88,-847,-2106599493,6
-775,120,-863,-2106599453,6
-815,120,-783,-2106599413,6
-855,96,-751,-2106599373,6
-871,88,-839,-2106599333,6
-927,152,-751,-2106599293,6
-967,192,-751,-2106599253,6
-983,128,-679,-2106599213,6
-983,80,-703,-2106599173,6
-991,104,-751,-2106599133,6
-1031,120,-719,-2106599093,6
-1055,64,-695,-2106599053,6
-1055,24,-647,-2106599013,6
-1039,32,-687,-2106598973,6
-1063,56,-639,-2106598933,6
-1063,56,-575,-2106598893,6
-1047,16,-583,-2106598853,6
-1063,64,-415,-2106598813,6
-1071,136,-407,-2106598773,6
-1055,128,-439,-2106599222,6
-1071,64,-439,-2106599182,6
-1103,72,-367,-2106599142,6
-1095,128,-375,-2106599102,6
-1103,144,-391,-2106599062,6
-1119,120,-367,-2106599022,6
-1087,104,-383,-2106598982,6
-1079,104,-343,-2106598942,6
-1047,96,-319,-2106598902,6
-1047,152,-359,-2106598862,6
-1071,160,-335,-2106598822,6
-1103,112,-295,-2106598782,6
-1095,192,-359,-2106598742,6
-1055,160,-423,-2106598702,6
-1063,112,-519,-2106598662,6
-999,224,-87,-2106594427,7
-1055,192,-127,-2106594387,7
-1143,256,-191,-2106594347,7
-887,280,-207,-2106594307,7
-559,128,24,-2106594267,7
-1055,128,-103,-2106594227,7
-1407,-231,112,-2106594187,7
-279,-703,472,-2106594147,7
-1407,904,-855,-2106594107,7
-391,1928,-1255,-2106594067,7
-1591,-471,1112,-2106594027,7
1144,-839,-399,-2106593987,7
2040,768,-1263,-2106593947,7
1320,2248,-1295,-2106593907,7
296,3128,-1215,-2106593867,7
-711,3592,-1063,-2106593827,7
-1407,3832,-1071,-2106593787,7
-2743,2712,0,-2106593747,7
-3143,1768,-319,-2106593707,7
-1951,1656,-631,-2106593667,7
-2095,768,-279,-2106594116,7
-1735,648,-343,-2106594076,7
-1575,240,-231,-2106594036,7
-1191,296,-239,-2106593996,7
-999,104,-231,-2106593956,7
-959,96,-223,-2106593916,7
-1007,120,-215,-2106593876,7
-1047,144,-383,-2106593836,7
-1063,112,-431,-2106593796,7
-1071,88,-479,-2106593756,7
-1071,112,-471,-2106593716,7
-1079,120,-495,-2106593676,7
-1103,144,-575,-2106593636,7
-1119,160,-615,-2106593596,7
-1143,168,-503,-2106593556,7
-1159,176,-607,-2106593516,7
-1135,184,-559,-2106593476,7
-1135,168,-591,-2106593436,7
-1151,192,-567,-2106593396,7
-1151,184,-567,-2106593356,7
-1135,176,-575,-2106593316,7
-1119,184,-591,-2106593276,7
-1119,168,-583,-2106593236,7
-1087,160,-591,-2106593196,7
-1087,192,-591,-2106593156,7
-1039,224,-583,-2106593605,7
-983,200,-607,-2106593565,7
-951,144,-687,-2106593525,7
-903,128,-711,-2106593485,7
-863,160,-743,-2106593445,7
-839,152,-767,-2106593405,7
-823,104,-783,-2106593365,7
-783,168,-687,-2106593325,7
-751,168,-711,-2106593285,7
-703,128,-719,-2106593245,7
-663,136,-727,-2106593205,7
-607,152,-751,-2106593165,7
-535,192,-775,-2106593125,7
-503,152,-799,-2106593085,7
-471,152,-807,-2106593045,7
-431,160,-799,-2106593005,7
-375,144,-815,-2106592965,7
-335,72,-911,-2106592925,7
-287,64,-895,-2106592885,7
-247,80,-847,-2106592845,7
-191,104,-959,-2106592805,7
-167,72,-999,-2106592765,7
-143,80,-1079,-2106592725,7
-143,96,-919,-2106592685,7
-119,96,-911,-2106592645,7
-47,56,-871,-2106593094,7
-15,56,-863,-2106593054,7
0,0,-783,-2106593014,7
24,-7,-671,-2106592974,7
80,32,-615,-2106592934,7
120,0,-647,-2106592894,7
152,-31,-559,-2106592854,7
184,8,-471,-2106592814,7
216,56,-559,-2106592774,7
240,40,-663,-2106592734,7
248,56,-567,-2106592694,7
264,96,-623,-2106592654,7
272,40,-671,-2106592614,7
280,40,-767,-2106592574,7
288,96,-751,-2106592534,7
288,88,-735,-2106592494,7
304,32,-815,-2106592454,7
296,40,-759,-2106592414,7
304,56,-735,-2106592374,7
288,24,-759,-2106592334,7
288,-23,-767,-2106592294,7
280,-7,-743,-2106592254,7
264,8,-751,-2106592214,7
256,8,-751,-2106592174,7
240,8,-759,-2106592134,7
216,16,-743,-2106592584,7
192,0,-727,-2106592544,7
176,24,-727,-2106592504,7
136,24,-719,-2106592464,7
112,24,-631,-2106592424,7
88,24,-727,-2106592384,7
64,32,-655,-2106592344,7
16,56,-663,-2106592304,7
-47,56,-575,-2106592264,7
-79,40,-687,-2106592224,7
-111,40,-631,-2106592184,7
-151,40,-615,-2106592144,7
-223,24,-711,-2106592104,7
-311,16,-831,-2106592064,7
-343,32,-655,-2106592024,7
-407,88,-703,-2106591984,7
-495,72,-703,-2106591944,7
-583,120,-871,-2106591904,7
-607,152,-855,-2106591864,7
-679,136,-847,-2106591824,7
-735,80,-831,-2106591784,7
-783,72,-879,-2106591744,7
-839,112,-863,-2106591704,7
-871,72,-871,-2106591664,7
-895,24,-847,-2106591624,7
-943,40,-935,-2106592074,7
-951,104,-839,-2106592034,7
-983,112,-807,-2106591994,7
-999,80,-735,-2106591954,7
-1055,48,-687,-2106591914,7
-1071,104,-751,-2106591874,7
-1079,104,-719,-2106591834,7
-1055,48,-615,-2106591794,7
-1111,80,-503,-2106591754,7
-1111,160,-447,-2106591714,7
-1087,208,-551,-2106591674,7
-1103,112,-607,-2106591634,7
-1127,80,-431,-2106591594,7
-1087,200,-463,-2106591554,7
-1095,144,-607,-2106591514,7
-1031,176,0,-2106586767,8
-1015,208,-47,-2106586727,8
-983,168,-151,-2106586687,8
-983,208,-151,-2106586647,8
-983,184,-135,-2106586607,8
-967,168,-175,-2106586567,8
-1015,232,-31,-2106586527,8
-1023,232,-79,-2106586487,8
-991,160,-79,-2106586447,8
-983,176,-79,-2106586407,8
-991,112,-95,-2106586367,8
-991,112,-127,-2106586327,8
-1023,112,-63,-2106586287,8
-1063,136,-31,-2106586247,8
-1047,200,-23,-2106586207,8
-983,192,-207,-2106586167,8
-951,160,-191,-2106586127,8
-943,232,-111,-2106586087,8
-967,208,-175,-2106586047,8
-1063,240,-151,-2106586007,8
-799,144,136,-2106586457,8
-927,-7,16,-2106586417,8
-463,272,-103,-2106586377,8
-751,1136,-823,-2106586337,8
-1759,-383,896,-2106586297,8
-2919,-95,424,-2106586257,8
480,40,-775,-2106586217,8
-1111,2016,-1095,-2106586177,8
-2599,1968,24,-2106586137,8
-3335,840,608,-2106586097,8
-3695,-279,912,-2106586057,8
-3839,-1095,1088,-2106586017,8
-3879,-1615,1136,-2106585977,8
-1695,-2327,728,-2106585937,8
-391,-1863,472,-2106585897,8
-1055,-1447,304,-2106585857,8
-383,-607,-15,-2106585817,8
-463,-407,48,-2106585777,8
-527,32,-199,-2106585737,8
-839,-79,-127,-2106585697,8
-1007,80,-199,-2106585657,8
-1079,144,-151,-2106585617,8
-999,160,-135,-2106585577,8
-1015,176,-135,-2106585537,8
-1015,160,-199,-2106585497,8
-991,144,-199,-2106585946,8
-991,136,-215,-2106585906,8
-975,152,-151,-2106585866,8
-967,144,-199,-2106585826,8
-983,96,-247,-2106585786,8
-999,112,-319,-2106585746,8
-1015,88,-319,-2106585706,8
-1047,96,-383,-2106585666,8
-1031,120,-415,-2106585626,8
-1023,128,-463,-2106585586,8
-1039,104,-495,-2106585546,8
-1047,104,-511,-2106585506,8
-1071,96,-511,-2106585466,8
-1087,96,-503,-2106585426,8
-1095,120,-511,-2106585386,8
-1087,128,-527,-2106585346,8
-1079,152,-511,-2106585306,8
-1087,120,-543,-2106585266,8
-1087,88,-591,-2106585226,8
-1087,80,-543,-2106585186,8
-1095,128,-551,-2106585146,8
-1079,104,-623,-2106585106,8
-1087,136,-559,-2106585066,8
-1063,216,-591,-2106585026,8
-1047,168,-711,-2106584986,8
-87,56,-751,-2106584925,8
-47,32,-751,-2106584885,8
-15,56,-735,-2106584845,8
32,104,-711,-2106584805,8
56,72,-735,-2106584765,8
80,40,-727,-2106584725,8
96,56,-719,-2106584685,8
136,40,-847,-2106584645,8
168,16,-783,-2106584605,8
168,48,-719,-2106584565,8
184,48,-783,-2106584525,8
200,24,-791,-2106584485,8
208,32,-791,-2106584445,8
208,88,-799,-2106584405,8
216,48,-799,-2106584365,8
208,24,-815,-2106584325,8
216,56,-783,-2106584285,8
216,56,-759,-2106584245,8
216,16,-823,-2106584205,8
216,-7,-791,-2106584165,8
208,0,-791,-2106584125,8
208,-15,-807,-2106584085,8
200,-23,-823,-2106584045,8
184,-23,-791,-2106584005,8
176,0,-719,-2106583965,8
160,8,-711,-2106584415,8
144,24,-687,-2106584375,8
152,8,-663,-2106584335,8
120,8,-655,-2106584295,8
80,40,-687,-2106584255,8
56,8,-655,-2106584215,8
-7,-15,-711,-2106584175,8
-39,32,-647,-2106584135,8
-79,40,-623,-2106584095,8
-119,16,-671,-2106584055,8
-175,8,-599,-2106584015,8
-239,32,-527,-2106583975,8
-319,104,-583,-2106583935,8
-359,96,-559,-2106583895,8
-415,40,-631,-2106583855,8
-479,24,-743,-2106583815,8
-535,40,-711,-2106583775,8
-615,112,-791,-2106583735,8
-647,88,-831,-2106583695,8
-703,16,-903,-2106583655,8
-775,0,-871,-2106583615,8
-831,40,-967,-2106583575,8
-855,40,-991,-2106583535,8
-895,-23,-903,-2106583495,8
-951,-31,-943,-2106583455,8
-1007,24,-887,-2106583904,8
-1007,32,-815,-2106583864,8
-1039,48,-799,-2106583824,8
-1071,48,-703,-2106583784,8
-1087,48,-647,-2106583744,8
-1079,96,-639,-2106583704,8
-1071,120,-607,-2106583664,8
-1119,88,-551,-2106583624,8
-1111,72,-495,-2106583584,8
-1119,160,-487,-2106583544,8
-1127,160,-551,-2106583504,8
-1127,120,-671,-2106583464,8
-1119,40,-631,-2106583424,8
-1111,8,-591,-2106583384,8
-1103,16,-575,-2106583344,8
-1063,8,-607,-2106583304,8
-1055,40,-567,-2106583264,8
-1055,48,-511,-2106583224,8
-1047,56,-519,-2106583184,8
-1023,64,-471,-2106583144,8
-1023,40,-511,-2106583104,8
-1047,72,-439,-2106583064,8
-1063,-47,-127,-2106583024,8
-1031,96,-223,-2106582984,8
-1015,144,-279,-2106582944,8
-999,112,-223,-2106583393,8
-951,184,-143,-2106583353,8
-943,224,-191,-2106583313,8
-887,112,-143,-2106583273,8
-959,104,-159,-2106583233,8
-999,128,-151,-2106583193,8
-983,128,-95,-2106583153,8
-1039,80,-127,-2106583113,8
-1159,96,-247,-2106583073,8
-1031,160,-175,-2106583033,8
-1047,168,-87,-2106582993,8
-999,200,-63,-2106582953,8
-959,232,-79,-2106582913,8
-967,232,-175,-2106582873,8
-1039,184,-111,-2106582833,8
-1023,184,-191,-2106582793,8
-943,216,-119,-2106582753,8
-919,272,-175,-2106582713,8
-991,200,-167,-2106582673,8
-975,144,-151,-2106582633,8
-959,160,-103,-2106582593,8
-943,184,-119,-2106582553,8
-991,104,-95,-2106582513,8
-1007,176,-95,-2106582473,8
-999,128,-135,-2106582433,8
-991,104,-87,-2106582883,8
-999,96,-103,-2106582843,8
-1039,88,-151,-2106582803,8
-1031,128,-183,-2106582763,8
-1007,128,-175,-2106582723,8
-959,144,-111,-2106582683,8
-951,216,-207,-2106582643,8
-1007,232,-175,-2106582603,8
-943,264,-159,-2106582563,8
-855,16,48,-2106582523,8
-943,96,-175,-2106582483,8
-943,112,-135,-2106582443,8
-999,168,-119,-2106582403,8
-999,160,-103,-2106582363,8
-975,160,-79,-2106582323,8
-959,176,-111,-2106577576,9
-1039,168,-151,-2106577536,9
-1087,88,-111,-2106577496,9
-1007,112,-71,-2106577456,9
-975,168,-87,-2106577416,9
-967,136,-79,-2106577376,9
-1031,120,-151,-2106577336,9
-1055,128,-111,-2106577296,9
-1031,168,-79,-2106577256,9
-567,104,-7,-2106577216,9
-711,144,-119,-2106577176,9
-847,208,-151,-2106577136,9
-975,192,-183,-2106577096,9
-1007,392,-191,-2106577056,9
-887,1216,-687,-2106577016,9
32,1208,-727,-2106576976,9
-1047,2104,-935,-2106576936,9
1160,1192,-791,-2106576896,9
-1455,1712,-343,-2106576856,9
-2359,-647,912,-2106576816,9
-111,-1983,568,-2106577265,9
1944,-1559,-703,-2106577225,9
2944,-407,-1223,-2106577185,9
3216,768,-1439,-2106577145,9
2976,1728,-1439,-2106577105,9
-343,120,816,-2106577065,9
400,-167,56,-2106577025,9
472,-223,88,-2106576985,9
-831,-7,-303,-2106576945,9
-1199,104,-311,-2106576905,9
-1015,-95,-95,-2106576865,9
-1143,40,-303,-2106576825,9
-1143,168,-319,-2106576785,9
-1127,160,-391,-2106576745,9
-1063,128,-327,-2106576705,9
-1063,112,-367,-2106576665,9
-1039,80,-463,-2106576625,9
-1047,96,-463,-2106576585,9
-1047,104,-439,-2106576545,9
-1055,96,-559,-2106576505,9
-1071,80,-551,-2106576465,9
-1087,56,-591,-2106576425,9
-1119,48,-591,-2106576385,9
-1135,88,-583,-2106576345,9
-1135,104,-591,-2106576305,9
-1135,96,-623,-2106576754,9
-1143,104,-575,-2106576714,9
-1135,128,-647,-2106576674,9
-1111,152,-671,-2106576634,9
-1103,120,-743,-2106576594,9
-1103,104,-743,-2106576554,9
-1103,120,-775,-2106576514,9
-1095,96,-775,-2106576474,9
-1087,56,-719,-2106576434,9
-1071,40,-607,-2106576394,9
-1023,104,-631,-2106576354,9
-983,112,-679,-2106576314,9
-959,64,-695,-2106576274,9
-911,40,-663,-2106576234,9
-871,96,-599,-2106576194,9
-791,80,-743,-2106576154,9
-759,40,-719,-2106576114,9
-703,56,-703,-2106576074,9
-639,104,-711,-2106576034,9
-583,104,-767,-2106575994,9
-519,96,-799,-2106575954,9
-503,40,-799,-2106575914,9
-471,40,-783,-2106575874,9
-423,48,-815,-2106575834,9
-375,56,-767,-2106575794,9
-327,48,-751,-2106576244,9
-271,-39,-759,-2106576204,9
-239,-63,-831,-2106576164,9
-191,-31,-847,-2106576124,9
-135,72,-775,-2106576084,9
-87,112,-775,-2106576044,9
-55,104,-783,-2106576004,9
-63,120,-831,-2106575964,9
-23,96,-847,-2106575924,9
0,56,-855,-2106575884,9
8,40,-855,-2106575844,9
32,80,-839,-2106575804,9
80,80,-887,-2106575764,9
96,24,-831,-2106575724,9
120,64,-767,-2106575684,9
168,104,-719,-2106575644,9
176,56,-807,-2106575604,9
176,80,-695,-2106575564,9
192,128,-647,-2106575524,9
216,88,-655,-2106575484,9
240,64,-631,-2106575444,9
256,64,-655,-2106575404,9
272,72,-623,-2106575364,9
272,64,-719,-2106575324,9
280,64,-751,-2106575284,9
280,56,-775,-2106575733,9
272,16,-815,-2106575693,9
280,48,-839,-2106575653,9
280,32,-847,-2106575613,9
240,8,-895,-2106575573,9
232,-23,-871,-2106575533,9
240,16,-855,-2106575493,9
208,32,-831,-2106575453,9
208,8,-863,-2106575413,9
208,24,-791,-2106575373,9
176,24,-727,-2106575333,9
168,24,-663,-2106575293,9
160,16,-679,-2106575253,9
136,8,-663,-2106575213,9
104,0,-647,-2106575173,9
88,24,-559,-2106575133,9
88,24,-535,-2106575093,9
48,8,-559,-2106575053,9
0,32,-559,-2106575013,9
-71,72,-543,-2106574973,9
-143,56,-655,-2106574933,9
-199,24,-711,-2106574893,9
-271,-15,-615,-2106574853,9
-351,16,-759,-2106574813,9
-407,48,-783,-2106574773,9
-495,-7,-751,-2106575222,9
-559,-15,-735,-2106575182,9
-599,72,-847,-2106575142,9
-639,120,-791,-2106575102,9
-703,40,-807,-2106575062,9
-735,-55,-783,-2106575022,9
-823,16,-839,-2106574982,9
-879,120,-727,-2106574942,9
-943,96,-607,-2106574902,9
-983,56,-815,-2106574862,9
-999,88,-839,-2106574822,9
-1039,72,-791,-2106574782,9
-1079,-15,-727,-2106574742,9
-1111,-47,-831,-2106574702,9
-1127,8,-783,-2106574662,9
-1143,56,-783,-2106574622,9
-1167,56,-703,-2106574582,9
-1175,48,-735,-2106574542,9
-1135,96,-759,-2106574502,9
-1127,120,-687,-2106574462,9
-1143,64,-703,-2106574422,9
-1127,-7,-719,-2106574382,9
-1127,-23,-567,-2106574342,9
-1111,40,-471,-2106574302,9
-1071,64,-471,-2106574262,9
-1071,40,-455,-2106574711,9
-1087,40,-399,-2106574671,9
-1079,128,-295,-2106574631,9
-1063,128,-423,-2106574591,9
-1015,80,-399,-2106574551,9
-1007,56,-399,-2106574511,9
-1023,88,-359,-2106574471,9
-1023,112,-439,-2106574431,9
-1031,144,-407,-2106574391,9
-1031,56,-495,-2106574351,9
-1023,88,-303,-2106574311,9
-1007,176,-135,-2106574271,9
-999,224,-47,-2106574231,9
-975,192,-95,-2106574191,9
-983,152,-103,-2106574151,9
-943,128,-119,-2106570116,10
-983,152,-47,-2106570076,10
-983,160,-39,-2106570036,10
-983,192,-31,-2106569996,10
-951,208,-111,-2106569956,10
-951,208,-135,-2106569916,10
-975,216,-103,-2106569876,10
-999,192,-167,-2106569836,10
-991,240,-135,-2106569796,10
-975,224,-63,-2106569756,10
-847,168,40,-2106569716,10
-431,296,-87,-2106569676,10
-215,1048,-559,-2106569636,10
-2023,56,368,-2106569596,10
-3023,904,-279,-2106569556,10
248,-215,32,-2106569516,10
-343,1824,-1199,-2106569476,10
-2215,1720,-63,-2106569436,10
-3063,-159,888,-2106569396,10
-2087,-1951,960,-2106569356,10
240,-2639,384,-2106569316,10
2064,-2159,-423,-2106569276,10
-79,440,-975,-2106569236,10
-1655,88,88,-2106569196,10
-2223,256,-279,-2106569156,10
-1055,80,72,-2106569605,10
-767,-7,8,-2106569565,10
-815,312,-215,-2106569525,10
-823,80,-15,-2106569485,10
-895,24,-47,-2106569445,10
-879,48,-55,-2106569405,10
-935,112,-151,-2106569365,10
-967,104,-175,-2106569325,10
-983,128,-199,-2106569285,10
-967,136,-215,-2106569245,10
-975,120,-191,-2106569205,10
-991,136,-191,-2106569165,10
-1023,152,-239,-2106569125,10
-1031,120,-343,-2106569085,10
-1039,104,-415,-2106569045,10
-1063,64,-423,-2106569005,10
-1087,88,-431,-2106568965,10
-1063,144,-423,-2106568925,10
-1055,152,-511,-2106568885,10
-1063,120,-551,-2106568845,10
-1087,112,-535,-2106568805,10
-1111,128,-519,-2106568765,10
-1103,136,-559,-2106568725,10
-1103,128,-583,-2106568685,10
-1127,136,-575,-2106568645,10
-1143,112,-655,-2106569094,10
-1151,112,-591,-2106569054,10
-1135,120,-567,-2106569014,10
-1127,112,-671,-2106568974,10
-1151,72,-663,-2106568934,10
-1127,80,-639,-2106568894,10
-1135,104,-639,-2106568854,10
-1087,104,-719,-2106568814,10
-1039,64,-767,-2106568774,10
-1031,72,-775,-2106568734,10
-1023,104,-759,-2106568694,10
-1007,80,-719,-2106568654,10
-967,48,-687,-2106568614,10
-919,80,-695,-2106568574,10
-863,120,-655,-2106568534,10
-807,128,-679,-2106568494,10
-743,96,-695,-2106568454,10
-695,112,-735,-2106568414,10
-623,88,-863,-2106568374,10
-567,56,-815,-2106568334,10
-543,72,-791,-2106568294,10
-503,56,-815,-2106568254,10
-479,0,-823,-2106568214,10
-455,16,-767,-2106568174,10
-351,80,-711,-2106568134,10
-295,72,-751,-2106568584,10
-239,24,-743,-2106568544,10
-199,32,-671,-2106568504,10
-143,48,-663,-2106568464,10
-87,40,-703,-2106568424,10
-63,16,-711,-2106568384,10
-15,40,-623,-2106568344,10
16,8,-711,-2106568304,10
88,-31,-735,-2106568264,10
112,-39,-727,-2106568224,10
128,-7,-671,-2106568184,10
160,16,-671,-2106568144,10
168,0,-719,-2106568104,10
176,40,-743,-2106568064,10
192,72,-727,-2106568024,10
216,64,-719,-2106567984,10
200,24,-799,-2106567944,10
224,24,-847,-2106567904,10
224,24,-839,-2106567864,10
232,0,-823,-2106567824,10
240,-63,-887,-2106567784,10
232,-7,-839,-2106567744,10
232,8,-887,-2106567704,10
224,-31,-903,-2106567664,10
232,-31,-879,-2106567624,10
232,0,-879,-2106568073,10
232,-23,-927,-2106568033,10
216,-15,-919,-2106567993,10
208,-23,-855,-2106567953,10
216,0,-927,-2106567913,10
200,-7,-911,-2106567873,10
192,-23,-903,-2106567833,10
176,-15,-887,-2106567793,10
184,16,-863,-2106567753,10
176,8,-847,-2106567713,10
184,24,-783,-2106567673,10
184,32,-799,-2106567633,10
152,48,-807,-2106567593,10
136,16,-807,-2106567553,10
96,24,-743,-2106567513,10
96,64,-743,-2106567473,10
80,64,-751,-2106567433,10
64,80,-783,-2106567393,10
24,56,-799,-2106567353,10
8,48,-735,-2106567313,10
-31,56,-743,-2106567273,10
-63,32,-743,-2106567233,10
-95,40,-823,-2106567193,10
-119,48,-775,-2106567153,10
-143,48,-823,-2106567113,10
-199,16,-823,-2106567562,10
-223,24,-879,-2106567522,10
-287,16,-831,-2106567482,10
-335,16,-783,-2106567442,10
-383,8,-855,-2106567402,10
-407,16,-775,-2106567362,10
-455,16,-695,-2106567322,10
-495,48,-775,-2106567282,10
-527,72,-839,-2106567242,10
-551,72,-783,-2106567202,10
-615,56,-703,-2106567162,10
-671,88,-607,-2106567122,10
-719,104,-751,-2106567082,10
-759,104,-655,-2106567042,10
-807,88,-639,-2106567002,10
-855,96,-655,-2106566962,10
-871,136,-703,-2106566922,10
-935,144,-663,-2106566882,10
-983,96,-647,-2106566842,10
-1015,88,-607,-2106566802,10
-1063,120,-599,-2106566762,10
-1111,120,-559,-2106566722,10
-1103,80,-527,-2106566682,10
-1111,72,-671,-2106566642,10
-1111,96,-583,-2106566602,10
-1167,88,-543,-2106567051,10
-1159,88,-511,-2106567011,10
-1135,96,-575,-2106566971,10
-1135,120,-463,-2106566931,10
-1175,104,-503,-2106566891,10
-1159,64,-511,-2106566851,10
-1159,104,-471,-2106566811,10
-1151,152,-503,-2106566771,10
-1135,120,-599,-2106566731,10
-1135,80,-855,-2106566691,10
-1087,24,-1455,-2106566651,10
-1111,-327,-879,-2106566611,10
-1047,-87,-391,-2106566571,10
-951,184,-95,-2106566531,10
-935,160,-71,-2106566491,10
-967,192,64,-2106566451,10
-999,272,152,-2106566411,10
-1023,296,136,-2106566371,10
-991,320,56,-2106566331,10
-967,288,-87,-2106566291,10
-959,-23,-407,-2106566251,10
-1031,56,-343,-2106566211,10
-1039,56,-311,-2106566171,10
-1023,144,-191,-2106566131,10
-935,144,-63,-2106566091,10
-975,160,-159,-2106566030,10
-991,168,-151,-2106565990,10
-967,168,-135,-2106565950,10
-959,176,-143,-2106565910,10
-959,184,-127,-2106565870,10
-975,200,-159,-2106565830,10
-1015,168,-111,-2106565790,10
-991,160,-143,-2106565750,10
-1007,168,-159,-2106565710,10
-983,176,-119,-2106565670,10
-967,176,-135,-2106565630,10
-967,192,-175,-2106565590,10
-983,192,-215,-2106565550,10
-967,184,-127,-2106565510,10
-983,184,-143,-2106565470,10
-967,192,-143,-2106565430,10
-991,192,-143,-2106565390,10
-991,208,-135,-2106565350,10
-975,184,-111,-2106565310,10
-991,192,-127,-2106565270,10
-999,200,-183,-2106565230,10
-1015,200,-103,-2106565190,10
-999,200,-167,-2106565150,10
-991,176,-239,-2106565110,10
-1007,168,-127,-2106565070,10
