88,16,1008,-2135611424,1
96,0,1016,-2135611384,1
144,-31,1008,-2135611344,1
104,-31,1024,-2135611304,1
72,-15,1000,-2135611264,1
120,-31,1064,-2135611224,1
176,24,976,-2135611184,1
104,-7,1032,-2135611144,1
48,8,1032,-2135611104,1
64,-31,1024,-2135611064,1
80,-39,1072,-2135611024,1
64,-23,1032,-2135610984,1
64,-55,1072,-2135610944,1
96,-55,1120,-2135610904,1
136,-15,992,-2135610864,1
152,24,840,-2135610824,1
144,16,952,-2135610784,1
96,-23,1016,-2135610744,1
152,-87,1024,-2135610704,1
24,200,752,-2135610664,1
1000,-87,944,-2135611113,1
976,-919,2240,-2135611073,1
2184,-1519,1736,-2135611033,1
-943,-487,1352,-2135610993,1
-231,-2207,2768,-2135610953,1
1088,-3039,1904,-2135610913,1
1360,-3519,2424,-2135610873,1
-255,-3479,3400,-2135610833,1
-2135,-2479,2280,-2135610793,1
-3103,-175,1392,-2135610753,1
-2703,1904,352,-2135610713,1
-2967,224,2112,-2135610673,1
-1487,-895,2200,-2135610633,1
-1479,-751,1296,-2135610593,1
-63,-543,1312,-2135610553,1
256,-631,1144,-2135610513,1
448,-279,984,-2135610473,1
176,-231,1176,-2135610433,1
40,-39,1000,-2135610393,1
24,-23,1064,-2135610353,1
152,-23,1160,-2135610313,1
120,8,1096,-2135610273,1
152,24,1216,-2135610233,1
152,8,1256,-2135610193,1
168,0,1200,-2135610153,1
176,16,1240,-2135610602,1
192,16,1208,-2135610562,1
216,16,1160,-2135610522,1
224,16,1128,-2135610482,1
240,48,1168,-2135610442,1
232,48,1152,-2135610402,1
256,88,1208,-2135610362,1
264,88,1216,-2135610322,1
304,72,1192,-2135610282,1
344,72,1160,-2135610242,1
384,64,1040,-2135610202,1
408,56,992,-2135610162,1
440,72,984,-2135610122,1
440,64,928,-2135610082,1
464,48,952,-2135610042,1
496,56,760,-2135610002,1
512,48,768,-2135609962,1
528,48,784,-2135609922,1
560,-7,760,-2135609882,1
616,24,736,-2135609842,1
648,56,584,-2135609802,1
680,48,576,-2135609762,1
664,72,536,-2135609722,1
696,64,416,-2135609682,1
712,72,432,-2135609642,1
744,56,360,-2135610091,1
744,104,352,-2135610051,1
760,136,400,-2135610011,1
792,176,320,-2135609971,1
832,224,240,-2135609931,1
840,216,240,-2135609891,1
824,240,248,-2135609851,1
840,208,176,-2135609811,1
880,184,256,-2135609771,1
912,208,176,-2135609731,1
912,200,176,-2135609691,1
920,152,112,-2135609651,1
936,112,64,-2135609611,1
920,72,-47,-2135609571,1
920,40,-87,-2135609531,1
904,128,-87,-2135609491,1
912,168,-71,-2135609451,1
896,176,0,-2135609411,1
904,160,0,-2135609371,1
912,144,0,-2135609331,1
896,200,8,-2135609291,1
896,184,-39,-2135609251,1
920,176,32,-2135609211,1
904,192,64,-2135609171,1
928,192,144,-2135609131,1
928,176,120,-2135609581,1
912,168,72,-2135609541,1
872,64,8,-2135609501,1
824,8,40,-2135609461,1
784,72,56,-2135609421,1
768,152,304,-2135609381,1
776,152,496,-2135609341,1
776,88,656,-2135609301,1
792,64,552,-2135609261,1
784,128,576,-2135609221,1
752,96,712,-2135609181,1
744,64,664,-2135609141,1
712,-31,656,-2135609101,1
672,0,664,-2135609061,1
664,112,720,-2135609021,1
616,64,760,-2135608981,1
576,0,736,-2135608941,1
528,48,856,-2135608901,1
528,128,816,-2135608861,1
480,88,848,-2135608821,1
400,-79,904,-2135608781,1
336,-63,984,-2135608741,1
368,104,856,-2135608701,1
352,120,864,-2135608661,1
248,-71,1144,-2135608621,1
64,40,952,-2135608559,1
104,72,968,-2135608519,1
168,112,1016,-2135608479,1
144,16,1048,-2135608439,1
72,48,1064,-2135608399,1
48,24,1200,-2135608359,1
136,0,1064,-2135608319,1
136,80,1064,-2135608279,1
112,24,1040,-2135608239,1
48,-95,1096,-2135608199,1
144,56,1048,-2135608159,1
136,104,928,-2135608119,1
104,88,984,-2135608079,1
112,88,1024,-2135608039,1
56,40,1016,-2135607999,1
56,32,1032,-2135607959,1
64,64,992,-2135607919,1
88,48,960,-2135607879,1
96,48,1072,-2135607839,1
40,32,1024,-2135607799,1
64,24,992,-2135607759,1
88,16,1088,-2135607719,1
104,24,1064,-2135607679,1
72,64,1024,-2135607639,1
48,40,992,-2135607599,1
128,16,1096,-2135608048,1
136,32,1048,-2135608008,1
96,-23,1040,-2135607968,1
40,-31,1096,-2135607928,1
88,-7,1008,-2135607888,1
160,-23,1056,-2135607848,1
104,-7,1024,-2135607808,1
56,-7,1040,-2135607768,1
0,0,1040,-2135607728,1
136,8,1096,-2135607688,1
120,16,1024,-2135607648,1
208,64,752,-2135607608,1
128,40,888,-2135607568,1
64,-159,1048,-2135607528,1
240,-135,1080,-2135607488,1
200,-47,968,-2135607448,1
152,24,1008,-2135607408,1
104,0,1064,-2135607368,1
104,56,1016,-2135607328,1
192,-119,1048,-2135607288,1
104,-15,1072,-2135607248,1
112,8,1088,-2135607208,1
96,8,1048,-2135607168,1
120,32,1040,-2135607128,1
120,16,1016,-2135607088,1
112,16,1032,-2135607538,1
120,0,1048,-2135607498,1
112,-15,1032,-2135607458,1
80,8,1024,-2135607418,1
96,8,1056,-2135607378,1
104,16,1008,-2135607338,1
80,-7,1016,-2135607298,1
104,8,1040,-2135607258,1
104,-7,1080,-2135607218,1
96,0,1048,-2135607178,1
104,0,1024,-2135607138,1
136,8,1032,-2135607098,1
128,0,1048,-2135607058,1
120,-15,1032,-2135607018,1
120,0,1024,-2135606978,1
104,8,1024,-2135606938,1
104,16,968,-2135606898,1
96,24,1040,-2135606858,1
96,24,1056,-2135606818,1
112,16,1032,-2135606778,1
104,16,1040,-2135606738,1
104,16,1032,-2135606698,1
104,0,992,-2135606658,1
104,8,1008,-2135606618,1
96,8,1032,-2135606578,1
120,-15,1024,-2135607027,1
120,16,1040,-2135606987,1
112,8,1080,-2135606947,1
112,16,1056,-2135606907,1
120,0,1032,-2135606867,1
96,-15,1016,-2135606827,1
112,0,1048,-2135606787,1
104,8,1016,-2135606747,1
104,0,1032,-2135606707,1
88,8,1024,-2135606667,1
88,8,1000,-2135606627,1
96,16,1016,-2135606587,1
96,8,1024,-2135606547,1
96,16,1032,-2135606507,1
96,-7,1024,-2135606467,1
104,16,1024,-2135606427,1
96,16,1024,-2135606387,1
104,8,1048,-2135606347,1
64,16,1016,-2135606307,1
104,8,1024,-2135606267,1
96,16,1024,-2135606227,1
104,16,1032,-2135606187,1
96,8,1080,-2135606147,1
104,8,1040,-2135606107,1
120,24,1016,-2135606067,1
120,24,1032,-2135606516,1
96,24,1040,-2135606476,1
96,16,992,-2135606436,1
104,16,1056,-2135606396,1
96,16,1040,-2135606356,1
72,32,1048,-2135606316,1
96,24,1040,-2135606276,1
112,16,1016,-2135606236,1
112,16,1032,-2135606196,1
104,32,1032,-2135606156,1
96,32,1008,-2135606116,1
96,8,1040,-2135606076,1
40,-15,1128,-2135606036,1
152,120,816,-2135605996,1
120,144,1152,-2135605956,1
128,88,1080,-2135605916,1
96,56,992,-2135605876,1
96,32,992,-2135605836,1
232,48,976,-2135605796,1
80,56,1024,-2135605756,1
64,32,984,-2135605716,1
56,24,992,-2135605676,1
96,32,1024,-2135605636,1
120,8,1032,-2135605596,1
104,16,992,-2135605556,1
136,24,1040,-2135606005,1
144,40,1040,-2135605965,1
104,48,1080,-2135605925,1
96,48,968,-2135605885,1
88,32,1056,-2135605845,1
88,0,1032,-2135605805,1
104,8,1112,-2135605765,1
120,72,1016,-2135605725,1
104,56,984,-2135605685,1
96,64,1032,-2135605645,1
112,56,1032,-2135605605,1
80,48,1040,-2135605565,1
96,40,992,-2135605525,1
80,64,1016,-2135605485,1
64,48,1016,-2135605445,1
96,128,1160,-2135601720,2
192,152,1120,-2135601680,2
224,184,1032,-2135601640,2
144,200,984,-2135601600,2
88,192,1016,-2135601560,2
120,192,944,-2135601520,2
128,184,1000,-2135601480,2
88,168,984,-2135601440,2
96,160,896,-2135601400,2
64,152,1088,-2135601360,2
96,152,1048,-2135601320,2
128,240,1032,-2135601280,2
120,152,888,-2135601240,2
152,56,904,-2135601200,2
-415,-655,720,-2135601160,2
296,-287,1504,-2135601120,2
-143,-39,968,-2135601080,2
-759,504,800,-2135601040,2
-1007,1392,56,-2135601000,2
-2279,920,1304,-2135600960,2
112,1568,-775,-2135601410,2
-1943,1792,1496,-2135601370,2
-2999,456,1840,-2135601330,2
-3535,-247,1816,-2135601290,2
-3807,224,1656,-2135601250,2
-3839,1520,1224,-2135601210,2
-3055,2744,360,-2135601170,2
-1071,3304,-719,-2135601130,2
-2335,1280,1824,-2135601090,2
-967,-247,2576,-2135601050,2
-783,-655,1448,-2135601010,2
104,-39,1040,-2135600970,2
552,-103,1152,-2135600930,2
376,176,944,-2135600890,2
328,-39,1152,-2135600850,2
200,-31,1104,-2135600810,2
224,-31,1112,-2135600770,2
192,16,1072,-2135600730,2
128,80,1040,-2135600690,2
160,96,1048,-2135600650,2
160,72,1056,-2135600610,2
128,88,1064,-2135600570,2
144,96,1104,-2135600530,2
144,120,1096,-2135600490,2
160,192,1192,-2135600450,2
184,208,1200,-2135600899,2
208,216,1192,-2135600859,2
232,224,1232,-2135600819,2
240,224,1240,-2135600779,2
272,232,1296,-2135600739,2
296,216,1296,-2135600699,2
312,216,1296,-2135600659,2
328,224,1272,-2135600619,2
360,192,1304,-2135600579,2
384,152,1224,-2135600539,2
400,128,1152,-2135600499,2
424,112,1072,-2135600459,2
432,96,992,-2135600419,2
440,96,920,-2135600379,2
464,88,824,-2135600339,2
472,40,744,-2135600299,2
480,48,720,-2135600259,2
504,96,688,-2135600219,2
536,96,656,-2135600179,2
552,72,584,-2135600139,2
600,88,568,-2135600099,2
632,120,504,-2135600059,2
648,144,456,-2135600019,2
672,144,416,-2135599979,2
712,160,344,-2135599939,2
720,144,312,-2135600388,2
744,160,296,-2135600348,2
776,160,272,-2135600308,2
816,184,248,-2135600268,2
816,232,248,-2135600228,2
856,240,208,-2135600188,2
872,176,136,-2135600148,2
872,216,80,-2135600108,2
928,288,176,-2135600068,2
960,224,80,-2135600028,2
936,56,-183,-2135599988,2
872,96,-399,-2135599948,2
840,168,-407,-2135599908,2
880,80,-255,-2135599868,2
896,56,-31,-2135599828,2
944,168,-7,-2135599788,2
928,264,-111,-2135599748,2
928,312,-215,-2135599708,2
936,264,-207,-2135599668,2
936,240,-127,-2135599628,2
952,280,-151,-2135599588,2
920,248,-215,-2135599548,2
904,144,-111,-2135599508,2
912,88,-63,-2135599468,2
904,120,-79,-2135599428,2
368,-7,1056,-2135599367,2
368,40,1136,-2135599327,2
328,128,1120,-2135599287,2
280,208,992,-2135599247,2
288,192,1200,-2135599207,2
256,120,1200,-2135599167,2
208,120,1232,-2135599127,2
224,184,1264,-2135599087,2
232,168,1344,-2135599047,2
200,96,1360,-2135599007,2
184,72,1392,-2135598967,2
184,136,1328,-2135598927,2
304,224,1088,-2135598887,2
160,144,1288,-2135598847,2
168,160,1184,-2135598807,2
160,192,1056,-2135598767,2
64,136,1040,-2135598727,2
192,152,1056,-2135598687,2
160,168,976,-2135598647,2
64,96,968,-2135598607,2
-95,168,1088,-2135598567,2
80,24,1080,-2135598527,2
184,72,920,-2135598487,2
152,40,968,-2135598447,2
56,96,992,-2135598407,2
888,136,-87,-2135599878,2
872,160,-103,-2135599838,2
872,128,-95,-2135599798,2
912,216,-63,-2135599758,2
928,248,-23,-2135599718,2
912,248,-47,-2135599678,2
856,184,0,-2135599638,2
856,96,80,-2135599598,2
848,112,104,-2135599558,2
840,192,160,-2135599518,2
792,200,120,-2135599478,2
744,104,336,-2135599438,2
696,24,432,-2135599398,2
696,104,472,-2135599358,2
680,184,608,-2135599318,2
672,128,624,-2135599278,2
632,-47,784,-2135599238,2
624,-7,864,-2135599198,2
632,152,784,-2135599158,2
584,200,768,-2135599118,2
560,48,928,-2135599078,2
512,-71,880,-2135599038,2
504,80,960,-2135598998,2
456,192,800,-2135598958,2
440,160,856,-2135598918,2
72,136,1024,-2135598856,2
104,160,1048,-2135598816,2
40,80,1072,-2135598776,2
8,-7,1088,-2135598736,2
40,160,1008,-2135598696,2
88,216,1008,-2135598656,2
168,208,1008,-2135598616,2
64,72,960,-2135598576,2
96,144,1032,-2135598536,2
104,152,984,-2135598496,2
120,152,1016,-2135598456,2
120,152,1040,-2135598416,2
144,168,1008,-2135598376,2
136,168,984,-2135598336,2
104,104,1024,-2135598296,2
80,120,1040,-2135593036,3
120,168,968,-2135592996,3
144,144,984,-2135592956,3
104,136,1056,-2135592916,3
48,120,1120,-2135592876,3
104,200,952,-2135592836,3
80,232,1032,-2135592796,3
72,200,952,-2135592756,3
40,176,968,-2135592716,3
32,176,960,-2135592676,3
48,184,976,-2135592636,3
88,200,1000,-2135592596,3
72,184,1064,-2135592556,3
48,152,1064,-2135592516,3
72,160,1024,-2135592476,3
112,200,960,-2135592436,3
88,208,1016,-2135592396,3
80,208,888,-2135592356,3
16,160,936,-2135592316,3
136,160,1008,-2135592276,3
-455,-599,952,-2135592725,3
-199,-175,1128,-2135592685,3
-615,-71,1192,-2135592645,3
-327,-1039,1640,-2135592605,3
1600,-447,1072,-2135592565,3
656,-1831,2792,-2135592525,3
2072,160,-1135,-2135592485,3
976,2056,-759,-2135592445,3
64,3056,-695,-2135592405,3
712,3392,-1119,-2135592365,3
2192,2832,-1271,-2135592325,3
3136,1280,-423,-2135592285,3
3496,-631,1584,-2135592245,3
3768,-791,760,-2135592205,3
3144,-951,2024,-2135592165,3
960,-759,1096,-2135592125,3
1008,-783,1504,-2135592085,3
200,-407,1056,-2135592045,3
64,-335,1200,-2135592005,3
200,56,1152,-2135591965,3
288,56,1304,-2135591925,3
344,120,1304,-2135591885,3
272,184,1336,-2135591845,3
224,168,1296,-2135591805,3
248,192,1344,-2135591765,3
272,168,1344,-2135592214,3
272,176,1280,-2135592174,3
304,208,1232,-2135592134,3
272,200,1208,-2135592094,3
304,208,1192,-2135592054,3
344,192,1160,-2135592014,3
352,192,1088,-2135591974,3
400,200,1088,-2135591934,3
408,176,976,-2135591894,3
416,176,928,-2135591854,3
456,208,816,-2135591814,3
488,224,736,-2135591774,3
520,216,728,-2135591734,3
568,184,600,-2135591694,3
584,176,504,-2135591654,3
608,208,496,-2135591614,3
640,200,488,-2135591574,3
656,136,448,-2135591534,3
688,144,432,-2135591494,3
720,152,424,-2135591454,3
728,160,336,-2135591414,3
744,168,312,-2135591374,3
752,144,280,-2135591334,3
760,160,176,-2135591294,3
760,192,136,-2135591254,3
784,136,8,-2135591704,3
808,136,128,-2135591664,3
848,192,128,-2135591624,3
872,216,120,-2135591584,3
880,224,88,-2135591544,3
904,176,64,-2135591504,3
920,216,0,-2135591464,3
920,256,-103,-2135591424,3
944,256,-71,-2135591384,3
968,216,64,-2135591344,3
992,256,-47,-2135591304,3
968,280,-263,-2135591264,3
952,152,-279,-2135591224,3
920,80,-295,-2135591184,3
888,168,-151,-2135591144,3
880,192,-103,-2135591104,3
864,128,-183,-2135591064,3
848,144,-279,-2135591024,3
888,296,-151,-2135590984,3
888,280,-103,-2135590944,3
888,144,-79,-2135590904,3
880,144,-223,-2135590864,3
824,144,-423,-2135590824,3
792,224,-367,-2135590784,3
752,232,-311,-2135590744,3
176,88,928,-2135589661,3
160,112,1072,-2135589621,3
136,136,1016,-2135589581,3
64,128,1024,-2135589541,3
80,128,1008,-2135589501,3
72,136,1056,-2135589461,3
56,144,1088,-2135589421,3
96,160,1000,-2135589381,3
40,160,1024,-2135589341,3
96,96,1008,-2135589301,3
24,128,1032,-2135589261,3
16,152,1008,-2135589221,3
16,160,1072,-2135589181,3
48,168,1032,-2135589141,3
24,112,1176,-2135589101,3
48,120,984,-2135589061,3
40,152,880,-2135589021,3
48,136,888,-2135588981,3
-15,128,1024,-2135588941,3
-23,152,1136,-2135588901,3
0,192,1120,-2135588861,3
40,136,1224,-2135588821,3
88,112,1072,-2135588781,3
72,48,1064,-2135588741,3
248,8,992,-2135588701,3
312,56,936,-2135589150,3
240,104,936,-2135589110,3
280,288,904,-2135589070,3
152,184,984,-2135589030,3
192,88,1016,-2135588990,3
168,120,1016,-2135588950,3
136,136,984,-2135588910,3
136,184,984,-2135588870,3
128,128,1000,-2135588830,3
112,80,1032,-2135588790,3
112,88,992,-2135588750,3
120,144,1016,-2135588710,3
96,120,1032,-2135588670,3
64,120,1112,-2135588630,3
112,128,1056,-2135588590,3
88,136,1000,-2135588550,3
112,104,1024,-2135588510,3
112,112,992,-2135588470,3
104,112,1024,-2135588430,3
96,112,960,-2135588390,3
104,120,992,-2135588350,3
112,136,960,-2135588310,3
80,160,1032,-2135588270,3
104,144,1024,-2135588230,3
96,152,984,-2135588190,3
64,160,1008,-2135588638,3
128,136,1008,-2135588598,3
120,112,1008,-2135588558,3
88,104,1064,-2135588518,3
104,120,1008,-2135588478,3
88,160,1120,-2135588438,3
88,72,1072,-2135588398,3
152,104,1016,-2135588358,3
120,96,1064,-2135588318,3
136,64,1040,-2135588278,3
112,80,1008,-2135588238,3
48,112,968,-2135588198,3
104,88,1120,-2135588158,3
144,112,992,-2135588118,3
104,104,1024,-2135588078,3
112,208,1000,-2135582820,4
112,232,1032,-2135582780,4
136,208,1016,-2135582740,4
80,160,984,-2135582700,4
88,216,1032,-2135582660,4
136,224,984,-2135582620,4
96,240,1016,-2135582580,4
80,248,976,-2135582540,4
56,216,1040,-2135582500,4
80,216,1016,-2135582460,4
104,224,1032,-2135582420,4
104,232,1024,-2135582380,4
104,256,976,-2135582340,4
64,280,944,-2135582300,4
24,256,888,-2135582260,4
8,288,928,-2135582220,4
-39,208,1120,-2135582180,4
64,192,1032,-2135582140,4
80,232,1032,-2135582100,4
24,240,984,-2135582060,4
40,160,960,-2135582509,4
136,176,1000,-2135582469,4
352,264,1032,-2135582429,4
680,-375,1224,-2135582389,4
-439,-639,1296,-2135582349,4
352,-1695,1936,-2135582309,4
-1855,48,680,-2135582269,4
520,-1615,2152,-2135582229,4
2288,-559,592,-2135582189,4
2792,1000,-303,-2135582149,4
2800,2048,-599,-2135582109,4
3016,2424,-695,-2135582069,4
3456,2128,-319,-2135582029,4
3768,1208,416,-2135581989,4
184,600,1864,-2135581949,4
952,-327,1824,-2135581909,4
1136,-495,1696,-2135581869,4
144,224,872,-2135581829,4
-79,520,1096,-2135581789,4
-63,264,1280,-2135581749,4
24,448,1192,-2135581709,4
136,456,1320,-2135581669,4
160,448,1296,-2135581629,4
200,432,1240,-2135581589,4
264,424,1208,-2135581549,4
288,328,1208,-2135581999,4
296,296,1200,-2135581959,4
320,320,1112,-2135581919,4
328,344,1184,-2135581879,4
336,312,1080,-2135581839,4
352,280,992,-2135581799,4
400,264,992,-2135581759,4
448,272,928,-2135581719,4
472,272,848,-2135581679,4
480,232,752,-2135581639,4
480,232,768,-2135581599,4
504,216,712,-2135581559,4
536,272,680,-2135581519,4
560,256,616,-2135581479,4
576,240,624,-2135581439,4
600,224,560,-2135581399,4
624,200,440,-2135581359,4
664,216,384,-2135581319,4
680,184,376,-2135581279,4
688,216,304,-2135581239,4
704,208,272,-2135581199,4
760,224,312,-2135581159,4
792,216,272,-2135581119,4
808,240,184,-2135581079,4
808,264,104,-2135581039,4
832,200,24,-2135581488,4
832,224,-31,-2135581448,4
864,248,-55,-2135581408,4
856,280,-15,-2135581368,4
888,344,96,-2135581328,4
944,256,200,-2135581288,4
952,192,32,-2135581248,4
928,280,-159,-2135581208,4
928,336,-199,-2135581168,4
944,104,-239,-2135581128,4
920,-31,-167,-2135581088,4
944,168,-175,-2135581048,4
888,336,-279,-2135581008,4
848,320,-279,-2135580968,4
840,272,-223,-2135580928,4
864,280,-119,-2135580888,4
848,216,-119,-2135580848,4
832,168,-111,-2135580808,4
856,144,-127,-2135580768,4
848,160,-215,-2135580728,4
840,192,-271,-2135580688,4
840,168,-175,-2135580648,4
832,152,-103,-2135580608,4
832,184,-23,-2135580568,4
816,248,-63,-2135580528,4
776,280,-79,-2135580977,4
744,176,88,-2135580937,4
720,80,256,-2135580897,4
720,96,240,-2135580857,4
672,160,272,-2135580817,4
624,184,432,-2135580777,4
592,48,568,-2135580737,4
544,-23,648,-2135580697,4
488,-23,728,-2135580657,4
464,152,768,-2135580617,4
488,240,944,-2135580577,4
472,152,992,-2135580537,4
400,48,992,-2135580497,4
360,72,1024,-2135580457,4
352,280,984,-2135580417,4
336,408,1056,-2135580377,4
296,208,1336,-2135580337,4
232,96,1376,-2135580297,4
240,240,1376,-2135580257,4
224,376,1328,-2135580217,4
192,176,1448,-2135580177,4
176,144,1496,-2135580137,4
208,256,1376,-2135580097,4
152,248,1384,-2135580057,4
112,216,1336,-2135580017,4
48,248,1568,-2135580466,4
88,200,1272,-2135580426,4
96,248,1200,-2135580386,4
104,224,1128,-2135580346,4
112,136,1080,-2135580306,4
112,176,1016,-2135580266,4
56,168,1008,-2135580226,4
0,240,936,-2135580186,4
8,184,984,-2135580146,4
24,144,984,-2135580106,4
16,120,1008,-2135580066,4
80,160,984,-2135580026,4
8,152,976,-2135579986,4
72,136,968,-2135579946,4
120,96,1072,-2135579906,4
88,88,1056,-2135579866,4
56,128,1024,-2135579826,4
104,168,1000,-2135579786,4
104,160,1056,-2135579746,4
104,120,1072,-2135579706,4
112,208,1088,-2135579666,4
32,40,1064,-2135579626,4
136,88,1064,-2135579586,4
88,96,1016,-2135579546,4
112,120,1088,-2135579506,4
104,152,1032,-2135579956,4
88,168,1056,-2135579916,4
128,168,1000,-2135579876,4
120,160,1008,-2135579836,4
136,136,984,-2135579796,4
152,136,992,-2135579756,4
128,128,1040,-2135579716,4
80,104,1048,-2135579676,4
88,120,1040,-2135579636,4
80,80,992,-2135579596,4
152,88,1016,-2135579556,4
176,88,1048,-2135579516,4
248,80,864,-2135579476,4
168,48,1008,-2135579436,4
184,64,1048,-2135579396,4
80,136,944,-2135575670,5
144,152,1032,-2135575630,5
176,120,920,-2135575590,5
-23,-87,1064,-2135575550,5
88,-15,976,-2135575510,5
-255,40,960,-2135575470,5
984,-407,1480,-2135575430,5
-1031,-143,1240,-2135575390,5
-2527,720,1440,-2135575350,5
776,-7,776,-2135575310,5
744,1880,-1103,-2135575270,5
-903,2784,-287,-2135575230,5
-1767,3304,160,-2135575190,5
-1911,3600,-591,-2135575150,5
-1303,3752,-1007,-2135575110,5
120,3744,-1007,-2135575070,5
288,3648,-463,-2135575030,5
1664,2336,368,-2135574990,5
624,616,1936,-2135574950,5
1024,0,1760,-2135574910,5
232,72,1176,-2135575359,5
112,-15,1288,-2135575319,5
336,216,1184,-2135575279,5
456,128,1248,-2135575239,5
488,160,1080,-2135575199,5
464,216,1064,-2135575159,5
432,232,1072,-2135575119,5
432,216,960,-2135575079,5
432,264,880,-2135575039,5
448,232,848,-2135574999,5
480,224,856,-2135574959,5
504,216,760,-2135574919,5
520,248,736,-2135574879,5
536,264,720,-2135574839,5
560,224,640,-2135574799,5
568,192,608,-2135574759,5
616,224,496,-2135574719,5
640,256,520,-2135574679,5
664,208,496,-2135574639,5
672,192,432,-2135574599,5
720,208,352,-2135574559,5
752,208,392,-2135574519,5
752,200,312,-2135574479,5
776,208,312,-2135574439,5
808,200,312,-2135574399,5
816,200,256,-2135574848,5
840,216,216,-2135574808,5
888,224,256,-2135574768,5
864,200,192,-2135574728,5
872,240,136,-2135574688,5
872,232,96,-2135574648,5
888,224,-15,-2135574608,5
872,160,-23,-2135574568,5
896,168,-63,-2135574528,5
896,256,-103,-2135574488,5
896,288,-119,-2135574448,5
880,176,-223,-2135574408,5
880,104,-135,-2135574368,5
904,160,-151,-2135574328,5
928,216,-95,-2135574288,5
944,160,-47,-2135574248,5
960,192,-63,-2135574208,5
936,232,-119,-2135574168,5
936,296,-143,-2135574128,5
912,264,-135,-2135574088,5
920,232,-111,-2135574048,5
960,232,-79,-2135574008,5
952,232,-103,-2135573968,5
944,216,-63,-2135573928,5
936,160,-95,-2135573888,5
952,184,-119,-2135574338,5
936,200,-159,-2135574298,5
904,208,-135,-2135574258,5
896,192,-119,-2135574218,5
888,216,-103,-2135574178,5
856,272,-63,-2135574138,5
888,280,24,-2135574098,5
912,216,128,-2135574058,5
928,160,216,-2135574018,5
928,160,224,-2135573978,5
920,208,176,-2135573938,5
896,248,192,-2135573898,5
880,208,216,-2135573858,5
840,208,288,-2135573818,5
824,240,216,-2135573778,5
824,240,296,-2135573738,5
800,232,376,-2135573698,5
792,200,392,-2135573658,5
808,184,456,-2135573618,5
760,200,536,-2135573578,5
768,216,632,-2135573538,5
752,200,664,-2135573498,5
728,184,648,-2135573458,5
712,184,704,-2135573418,5
704,232,784,-2135573378,5
664,264,792,-2135573827,5
624,272,768,-2135573787,5
616,232,840,-2135573747,5
544,208,816,-2135573707,5
528,192,784,-2135573667,5
512,264,744,-2135573627,5
480,280,792,-2135573587,5
424,216,872,-2135573547,5
416,144,936,-2135573507,5
384,208,1032,-2135573467,5
368,256,1008,-2135573427,5
328,280,1072,-2135573387,5
304,200,1136,-2135573347,5
272,160,1104,-2135573307,5
264,240,1112,-2135573267,5
256,272,1080,-2135573227,5
216,224,1088,-2135573187,5
192,160,1160,-2135573147,5
176,216,1128,-2135573107,5
192,264,1096,-2135573067,5
128,248,1184,-2135573027,5
96,192,1272,-2135572987,5
104,272,1240,-2135572947,5
64,288,1216,-2135572907,5
128,280,1144,-2135572867,5
136,264,1208,-2135573317,5
128,224,1152,-2135573277,5
112,216,1096,-2135573237,5
64,208,1072,-2135573197,5
48,184,1040,-2135573157,5
32,80,1088,-2135573117,5
48,128,1024,-2135573077,5
56,128,976,-2135573037,5
56,136,968,-2135572997,5
48,104,1000,-2135572957,5
48,88,976,-2135572917,5
64,112,1024,-2135572877,5
48,120,976,-2135572837,5
40,144,1080,-2135572797,5
48,136,1008,-2135572757,5
48,128,1064,-2135572717,5
48,128,1008,-2135572677,5
88,72,1056,-2135572637,5
72,208,1088,-2135572597,5
96,216,1088,-2135572557,5
32,168,1064,-2135572517,5
56,152,1024,-2135572477,5
72,176,992,-2135572437,5
88,208,976,-2135572397,5
40,192,1056,-2135572357,5
56,168,1008,-2135572806,5
104,280,1104,-2135572766,5
48,144,1024,-2135572726,5
56,152,1016,-2135572686,5
24,152,1112,-2135572646,5
80,192,1032,-2135572606,5
88,184,1096,-2135572566,5
72,184,1048,-2135572526,5
40,160,968,-2135572486,5
56,168,968,-2135572446,5
64,192,960,-2135572406,5
56,200,992,-2135572366,5
64,168,936,-2135572326,5
48,160,1024,-2135572286,5
64,144,952,-2135572246,5
40,144,1056,-2135568519,6
80,168,960,-2135568479,6
72,168,912,-2135568439,6
48,128,944,-2135568399,6
24,80,1032,-2135568359,6
48,96,1016,-2135568319,6
112,136,992,-2135568279,6
120,160,1000,-2135568239,6
96,176,1048,-2135568199,6
56,224,1064,-2135568159,6
72,184,1072,-2135568119,6
56,176,1032,-2135568079,6
392,184,1184,-2135568039,6
248,144,976,-2135567999,6
144,136,944,-2135567959,6
96,152,936,-2135567919,6
184,64,1104,-2135567879,6
648,72,1112,-2135567839,6
368,1128,432,-2135567799,6
-639,-335,2480,-2135567759,6
-2271,208,1952,-2135568210,6
904,-231,416,-2135568170,6
1208,1576,-1975,-2135568130,6
-455,2728,-599,-2135568090,6
-1311,3312,-527,-2135568050,6
-1079,3576,-967,-2135568010,6
216,3520,-2151,-2135567970,6
1784,2992,-1791,-2135567930,6
608,3056,-1191,-2135567890,6
136,2608,-999,-2135567850,6
928,1456,1416,-2135567810,6
88,1328,720,-2135567770,6
400,896,1080,-2135567730,6
184,792,1000,-2135567690,6
248,368,1208,-2135567650,6
136,280,1096,-2135567610,6
152,280,1096,-2135567570,6
240,240,1144,-2135567530,6
184,240,1144,-2135567490,6
216,272,1160,-2135567450,6
224,312,1192,-2135567410,6
240,296,1128,-2135567370,6
240,296,1224,-2135567330,6
280,320,1280,-2135567290,6
304,352,1232,-2135567250,6
336,304,1176,-2135567699,6
336,264,1168,-2135567659,6
368,304,1128,-2135567619,6
376,304,1024,-2135567579,6
408,304,992,-2135567539,6
424,288,992,-2135567499,6
456,280,880,-2135567459,6
464,272,912,-2135567419,6
496,256,776,-2135567379,6
504,240,736,-2135567339,6
520,232,680,-2135567299,6
536,208,544,-2135567259,6
568,208,568,-2135567219,6
592,200,496,-2135567179,6
624,184,424,-2135567139,6
624,224,432,-2135567099,6
704,208,384,-2135567059,6
688,160,328,-2135567019,6
704,160,264,-2135566979,6
720,160,256,-2135566939,6
744,192,264,-2135566899,6
776,208,224,-2135566859,6
776,232,176,-2135566819,6
816,128,184,-2135566779,6
800,168,168,-2135566739,6
832,224,104,-2135567188,6
840,296,104,-2135567148,6
880,272,184,-2135567108,6
904,232,184,-2135567068,6
952,272,120,-2135567028,6
952,328,72,-2135566988,6
944,336,128,-2135566948,6
936,288,48,-2135566908,6
936,224,-39,-2135566868,6
936,216,32,-2135566828,6
952,280,56,-2135566788,6
984,312,56,-2135566748,6
984,248,80,-2135566708,6
992,264,40,-2135566668,6
1000,352,-127,-2135566628,6
944,224,-295,-2135566588,6
856,160,-255,-2135566548,6
864,128,-39,-2135566508,6
912,184,40,-2135566468,6
936,272,-7,-2135566428,6
936,240,-55,-2135566388,6
928,160,-111,-2135566348,6
928,160,-63,-2135566308,6
936,224,-31,-2135566268,6
920,272,-71,-2135566228,6
880,280,-87,-2135566677,6
872,264,-199,-2135566637,6
864,232,-127,-2135566597,6
848,208,-71,-2135566557,6
864,216,-55,-2135566517,6
840,264,24,-2135566477,6
824,264,40,-2135566437,6
808,232,96,-2135566397,6
808,200,256,-2135566357,6
800,216,288,-2135566317,6
776,280,256,-2135566277,6
744,264,224,-2135566237,6
672,216,376,-2135566197,6
640,144,352,-2135566157,6
608,176,440,-2135566117,6
576,296,448,-2135566077,6
544,272,608,-2135566037,6
504,168,824,-2135565997,6
536,128,880,-2135565957,6
512,264,808,-2135565917,6
504,384,904,-2135565877,6
456,352,864,-2135565837,6
400,184,968,-2135565797,6
384,160,1040,-2135565757,6
376,344,1104,-2135565717,6
400,432,1072,-2135566167,6
352,400,1096,-2135566127,6
344,264,1112,-2135566087,6
272,232,1040,-2135566047,6
264,264,1008,-2135566007,6
216,328,1032,-2135565967,6
152,256,1232,-2135565927,6
144,208,1320,-2135565887,6
136,320,1296,-2135565847,6
144,344,1296,-2135565807,6
120,296,1376,-2135565767,6
152,136,1200,-2135565727,6
56,240,1376,-2135565687,6
88,288,1272,-2135565647,6
80,280,1272,-2135565607,6
64,200,1128,-2135565567,6
56,208,1088,-2135565527,6
64,216,1056,-2135565487,6
48,224,952,-2135565447,6
32,192,976,-2135565407,6
24,160,1024,-2135565367,6
8,144,1040,-2135565327,6
16,168,984,-2135565287,6
8,176,1032,-2135565247,6
16,120,976,-2135565207,6
-95,8,1016,-2135564634,6
-63,56,1032,-2135564594,6
8,32,1040,-2135564554,6
96,-7,1088,-2135564514,6
88,8,1064,-2135564474,6
48,40,1048,-2135564434,6
112,40,1040,-2135564394,6
128,32,960,-2135564354,6
104,8,968,-2135564314,6
80,-7,1024,-2135564274,6
32,0,1072,-2135564234,6
56,32,992,-2135564194,6
120,48,1016,-2135564154,6
136,0,1072,-2135564114,6
96,0,960,-2135564074,6
152,160,736,-2135564034,6
136,104,1024,-2135563994,6
120,104,1024,-2135563954,6
80,24,1104,-2135563914,6
72,8,1080,-2135563874,6
8,8,1024,-2135563834,6
32,24,992,-2135563794,6
88,-7,1056,-2135563754,6
128,0,1016,-2135563714,6
72,0,1152,-2135563674,6
48,-175,1080,-2135564124,6
48,-71,1064,-2135564084,6
160,184,1040,-2135564044,6
112,96,968,-2135564004,6
88,72,1096,-2135563964,6
240,8,952,-2135563924,6
120,32,1040,-2135563884,6
88,48,1016,-2135563844,6
80,88,960,-2135563804,6
56,112,976,-2135563764,6
96,128,1008,-2135563724,6
80,120,1040,-2135563684,6
96,144,1040,-2135563644,6
80,136,1040,-2135563604,6
88,128,1056,-2135563564,6
88,32,1032,-2135557795,7
64,56,1096,-2135557755,7
24,88,1000,-2135557715,7
40,32,1008,-2135557675,7
88,-7,1024,-2135557635,7
64,-23,1008,-2135557595,7
72,-23,1048,-2135557555,7
24,0,1032,-2135557515,7
32,0,1040,-2135557475,7
136,8,944,-2135557435,7
176,48,1016,-2135557395,7
112,48,1048,-2135557355,7
72,8,1088,-2135557315,7
64,24,1048,-2135557275,7
64,24,1040,-2135557235,7
72,40,1040,-2135557195,7
72,72,1008,-2135557155,7
40,88,1008,-2135557115,7
88,64,936,-2135557075,7
112,8,1000,-2135557035,7
72,8,952,-2135557484,7
40,16,1000,-2135557444,7
56,32,1056,-2135557404,7
0,56,1040,-2135557364,7
-95,-247,1248,-2135557324,7
976,-551,1536,-2135557284,7
-735,872,528,-2135557244,7
-327,1904,-1071,-2135557204,7
184,-759,2528,-2135557164,7
2128,-327,-335,-2135557124,7
1952,1248,-1679,-2135557084,7
968,2416,-1327,-2135557044,7
184,3008,-1183,-2135557004,7
24,3272,-1447,-2135556964,7
256,3344,-1943,-2135556924,7
-1527,3192,328,-2135556884,7
-1839,2576,-95,-2135556844,7
-183,1696,1096,-2135556804,7
-639,1296,752,-2135556764,7
-55,968,968,-2135556724,7
-151,792,896,-2135556684,7
80,288,1144,-2135556644,7
8,176,992,-2135556604,7
24,128,1008,-2135556564,7
128,104,1112,-2135556524,7
104,112,1136,-2135556973,7
136,136,1144,-2135556933,7
136,168,1224,-2135556893,7
176,160,1248,-2135556853,7
184,160,1288,-2135556813,7
216,184,1288,-2135556773,7
232,208,1272,-2135556733,7
256,216,1304,-2135556693,7
224,192,1264,-2135556653,7
232,208,1224,-2135556613,7
248,200,1264,-2135556573,7
280,192,1224,-2135556533,7
304,184,1176,-2135556493,7
336,192,1112,-2135556453,7
344,184,1088,-2135556413,7
368,160,1032,-2135556373,7
392,136,1016,-2135556333,7
432,152,856,-2135556293,7
456,160,864,-2135556253,7
464,152,832,-2135556213,7
480,128,736,-2135556173,7
504,144,648,-2135556133,7
512,152,656,-2135556093,7
584,176,576,-2135556053,7
608,160,592,-2135556013,7
608,136,544,-2135556462,7
664,168,544,-2135556422,7
688,176,448,-2135556382,7
720,128,424,-2135556342,7
736,160,352,-2135556302,7
768,192,280,-2135556262,7
768,192,232,-2135556222,7
784,200,200,-2135556182,7
808,176,160,-2135556142,7
832,152,168,-2135556102,7
832,192,136,-2135556062,7
880,216,176,-2135556022,7
888,264,200,-2135555982,7
888,216,192,-2135555942,7
912,216,208,-2135555902,7
928,232,136,-2135555862,7
936,288,96,-2135555822,7
928,264,64,-2135555782,7
944,184,40,-2135555742,7
944,152,8,-2135555702,7
928,224,16,-2135555662,7
936,264,48,-2135555622,7
960,176,136,-2135555582,7
992,232,176,-2135555542,7
1016,296,16,-2135555502,7
992,312,-127,-2135555952,7
952,240,-207,-2135555912,7
920,96,-103,-2135555872,7
928,120,-95,-2135555832,7
912,208,-95,-2135555792,7
896,208,-15,-2135555752,7
896,88,-63,-2135555712,7
904,128,-135,-2135555672,7
904,216,-111,-2135555632,7
888,264,-95,-2135555592,7
856,280,-31,-2135555552,7
904,208,96,-2135555512,7
936,192,48,-2135555472,7
936,280,-55,-2135555432,7
904,328,-79,-2135555392,7
880,312,24,-2135555352,7
888,224,200,-2135555312,7
880,168,248,-2135555272,7
864,176,160,-2135555232,7
808,248,160,-2135555192,7
792,248,216,-2135555152,7
776,176,344,-2135555112,7
792,56,424,-2135555072,7
744,80,440,-2135555032,7
720,200,368,-2135554992,7
712,224,408,-2135555441,7
640,200,536,-2135555401,7
624,96,672,-2135555361,7
600,112,712,-2135555321,7
584,208,664,-2135555281,7
536,176,768,-2135555241,7
520,16,904,-2135555201,7
496,-15,888,-2135555161,7
488,136,944,-2135555121,7
440,176,912,-2135555081,7
424,120,952,-2135555041,7
384,-23,1048,-2135555001,7
360,24,1064,-2135554961,7
384,192,1064,-2135554921,7
320,232,944,-2135554881,7
280,120,1032,-2135554841,7
192,-7,1120,-2135554801,7
200,120,1224,-2135554761,7
192,272,1216,-2135554721,7
128,168,1512,-2135554681,7
112,96,1480,-2135554641,7
112,176,1472,-2135554601,7
112,216,1440,-2135554561,7
96,184,1376,-2135554521,7
104,160,1296,-2135554481,7
88,184,1200,-2135554930,7
88,176,1192,-2135554890,7
80,224,1072,-2135554850,7
80,192,1024,-2135554810,7
56,176,1016,-2135554770,7
56,168,992,-2135554730,7
16,160,1016,-2135554690,7
0,136,992,-2135554650,7
24,96,984,-2135554610,7
40,112,1040,-2135554570,7
32,120,1048,-2135554530,7
24,128,1016,-2135554490,7
-39,136,992,-2135554450,7
40,152,984,-2135554410,7
128,152,1016,-2135554370,7
96,184,1016,-2135554330,7
72,200,1008,-2135554290,7
80,152,992,-2135554250,7
72,104,1048,-2135554210,7
40,104,1072,-2135554170,7
72,136,1008,-2135554130,7
24,80,1048,-2135554090,7
72,88,1040,-2135554050,7
64,96,1048,-2135554010,7
64,104,1024,-2135553970,7
80,104,968,-2135554420,7
88,112,992,-2135554380,7
112,120,1016,-2135554340,7
104,160,1008,-2135554300,7
96,152,992,-2135554260,7
104,136,816,-2135554220,7
96,104,1008,-2135554180,7
96,136,1000,-2135554140,7
72,128,1016,-2135554100,7
88,144,960,-2135554060,7
104,136,1032,-2135554020,7
112,192,1064,-2135553980,7
104,168,1024,-2135553940,7
112,160,1024,-2135553900,7
120,144,1000,-2135553860,7
88,104,1064,-2135553820,7
80,160,960,-2135553780,7
64,200,1088,-2135553740,7
56,200,968,-2135553700,7
136,64,920,-2135553660,7
112,104,1048,-2135553620,7
104,136,952,-2135553580,7
104,144,1056,-2135553540,7
112,128,1016,-2135553500,7
96,128,1008,-2135553460,7
96,136,1040,-2135553909,7
80,160,1064,-2135553869,7
72,160,992,-2135553829,7
64,152,992,-2135553789,7
64,152,992,-2135553749,7
112,-239,816,-2135553709,7
160,-23,888,-2135553669,7
120,-47,1016,-2135553629,7
136,56,1064,-2135553589,7
120,88,1032,-2135553549,7
136,128,1040,-2135553509,7
152,160,1040,-2135553469,7
104,160,984,-2135553429,7
96,152,1040,-2135553389,7
104,144,1000,-2135553349,7
96,176,1048,-2135553309,7
80,136,1040,-2135553269,7
88,120,1000,-2135553229,7
120,112,992,-2135553189,7
120,120,1048,-2135553149,7
136,128,968,-2135553109,7
120,136,1000,-2135553069,7
136,128,992,-2135553029,7
160,112,1000,-2135552989,7
136,128,1032,-2135552949,7
144,152,1040,-2135552887,7
168,136,992,-2135552847,7
168,128,928,-2135552807,7
128,120,968,-2135552767,7
80,32,1000,-2135552727,7
40,104,1016,-2135552687,7
112,88,1048,-2135552647,7
128,112,1024,-2135552607,7
128,120,1064,-2135552567,7
184,152,1000,-2135552527,7
80,-15,968,-2135552487,7
120,40,1032,-2135552447,7
128,80,1000,-2135552407,7
120,96,992,-2135552367,7
176,88,1064,-2135552327,7
120,120,1056,-2135552287,7
104,136,1048,-2135552247,7
96,136,1048,-2135552207,7
96,144,992,-2135552167,7
96,176,1000,-2135552127,7
160,144,984,-2135552087,7
112,128,1048,-2135552047,7
128,120,1056,-2135552007,7
160,72,1024,-2135551967,7
48,48,1048,-2135551927,7
136,144,992,-2135551867,7
128,112,968,-2135551827,7
88,112,952,-2135551787,7
96,104,984,-2135551747,7
136,120,992,-2135551707,7
152,136,1032,-2135551667,7
96,128,1072,-2135551627,7
88,112,1056,-2135551587,7
88,104,1088,-2135551547,7
88,88,1040,-2135551507,7
112,96,1080,-2135551467,7
96,144,1056,-2135551427,7
88,184,1000,-2135551387,7
96,96,1016,-2135551347,7
128,120,1008,-2135551307,7
88,72,1040,-2135551267,7
232,72,1112,-2135551227,7
200,120,1000,-2135551187,7
168,128,1016,-2135551147,7
160,104,1040,-2135551107,7
152,152,992,-2135551067,7
200,168,936,-2135551027,7
176,232,760,-2135550987,7
152,200,1016,-2135550947,7
120,160,1048,-2135550907,7
96,160,1080,-2135551356,7
96,152,1032,-2135551316,7
80,136,1024,-2135551276,7
88,128,1064,-2135551236,7
88,152,1000,-2135551196,7
104,152,968,-2135551156,7
112,264,1072,-2135551116,7
96,160,992,-2135551076,7
112,176,1024,-2135551036,7
112,192,984,-2135550996,7
80,168,960,-2135550956,7
96,152,992,-2135550916,7
96,144,1032,-2135550876,7
112,184,1024,-2135550836,7
136,160,1048,-2135550796,7
72,40,968,-2135536856,8
72,72,1040,-2135536816,8
136,56,960,-2135536776,8
96,48,1016,-2135536736,8
104,56,984,-2135536696,8
72,48,1016,-2135536656,8
56,80,1016,-2135536616,8
56,96,1008,-2135536576,8
24,48,1104,-2135536536,8
48,48,1088,-2135536496,8
80,88,1072,-2135536456,8
544,128,1264,-2135536416,8
296,128,1032,-2135536376,8
128,152,1040,-2135536336,8
88,96,976,-2135536296,8
104,-95,1016,-2135536256,8
-583,-271,1064,-2135536216,8
-1367,328,680,-2135536176,8
-1895,-575,1264,-2135536136,8
-1719,1272,-39,-2135536096,8
-1215,-967,2288,-2135536545,8
1408,-1327,1904,-2135536505,8
2688,-167,600,-2135536465,8
2888,1160,-143,-2135536425,8
2512,2184,-559,-2135536385,8
1696,2920,-671,-2135536345,8
744,3440,-719,-2135536305,8
696,512,2096,-2135536265,8
944,944,864,-2135536225,8
584,1024,1008,-2135536185,8
592,208,1080,-2135536145,8
544,-47,1112,-2135536105,8
272,160,1080,-2135536065,8
320,88,1040,-2135536025,8
296,176,1024,-2135535985,8
200,184,1000,-2135535945,8
160,168,960,-2135535905,8
88,152,984,-2135535865,8
80,128,1016,-2135535825,8
56,152,1056,-2135535785,8
32,160,1128,-2135535745,8
160,88,1112,-2135535705,8
80,144,1208,-2135535665,8
128,184,1208,-2135535625,8
128,208,1184,-2135535585,8
144,200,1256,-2135536035,8
168,200,1248,-2135535995,8
176,200,1240,-2135535955,8
184,208,1232,-2135535915,8
208,200,1264,-2135535875,8
216,216,1224,-2135535835,8
224,208,1256,-2135535795,8
232,168,1232,-2135535755,8
248,168,1184,-2135535715,8
256,152,1152,-2135535675,8
272,168,1112,-2135535635,8
296,168,1064,-2135535595,8
320,144,1104,-2135535555,8
352,152,1040,-2135535515,8
392,184,992,-2135535475,8
424,184,800,-2135535435,8
456,200,840,-2135535395,8
488,160,768,-2135535355,8
504,176,648,-2135535315,8
560,208,640,-2135535275,8
584,192,544,-2135535235,8
608,184,528,-2135535195,8
616,200,432,-2135535155,8
640,176,432,-2135535115,8
688,192,408,-2135535075,8
736,184,432,-2135535524,8
768,168,400,-2135535484,8
784,176,320,-2135535444,8
800,208,280,-2135535404,8
808,144,232,-2135535364,8
816,152,208,-2135535324,8
816,200,160,-2135535284,8
800,240,104,-2135535244,8
816,256,152,-2135535204,8
816,208,176,-2135535164,8
840,152,176,-2135535124,8
848,192,88,-2135535084,8
856,280,80,-2135535044,8
904,352,144,-2135535004,8
936,400,184,-2135534964,8
968,336,160,-2135534924,8
952,288,-7,-2135534884,8
936,288,-127,-2135534844,8
928,200,-159,-2135534804,8
920,160,-23,-2135534764,8
944,144,56,-2135534724,8
968,208,136,-2135534684,8
984,192,120,-2135534644,8
960,136,8,-2135534604,8
928,96,-15,-2135534564,8
904,192,-87,-2135535013,8
888,232,-47,-2135534973,8
904,232,-71,-2135534933,8
888,144,-79,-2135534893,8
864,136,-7,-2135534853,8
872,176,-15,-2135534813,8
896,232,16,-2135534773,8
896,216,-47,-2135534733,8
864,200,80,-2135534693,8
864,216,144,-2135534653,8
856,272,176,-2135534613,8
848,240,192,-2135534573,8
848,168,256,-2135534533,8
848,80,368,-2135534493,8
864,120,368,-2135534453,8
840,184,384,-2135534413,8
824,144,528,-2135534373,8
824,56,504,-2135534333,8
824,152,496,-2135534293,8
792,240,464,-2135534253,8
752,200,568,-2135534213,8
768,16,672,-2135534173,8
776,80,672,-2135534133,8
704,216,584,-2135534093,8
688,288,744,-2135534053,8
664,72,856,-2135534503,8
616,-55,816,-2135534463,8
632,56,808,-2135534423,8
600,224,640,-2135534383,8
544,192,720,-2135534343,8
488,-15,856,-2135534303,8
464,-55,1024,-2135534263,8
464,96,976,-2135534223,8
464,232,968,-2135534183,8
416,184,968,-2135534143,8
352,-31,1008,-2135534103,8
352,24,1008,-2135534063,8
312,144,952,-2135534023,8
288,224,960,-2135533983,8
224,64,1000,-2135533943,8
