48,-215,-927,-2129723411,1
48,-215,-975,-2129723371,1
16,-207,-999,-2129723331,1
184,-47,-999,-2129723291,1
-31,-679,-735,-2129723251,1
-727,-111,-1287,-2129723211,1
-1551,-463,-1015,-2129723171,1
-319,1144,-1767,-2129723131,1
-847,-1007,-223,-2129723091,1
1176,-423,-999,-2129723051,1
416,1408,-1735,-2129723011,1
-1431,464,-959,-2129722971,1
-1095,-1607,-151,-2129722931,1
864,-1711,-391,-2129722891,1
1448,336,-1639,-2129722851,1
1552,376,-1023,-2129722811,1
848,-479,-599,-2129722771,1
704,-79,-887,-2129722731,1
496,-239,-799,-2129722691,1
344,-95,-943,-2129722651,1
176,-287,-1023,-2129723099,1
96,-239,-983,-2129723059,1
88,-231,-967,-2129723019,1
72,-215,-967,-2129722979,1
40,-215,-967,-2129722939,1
48,-215,-983,-2129722899,1
32,-215,-999,-2129722859,1
32,-223,-975,-2129722819,1
32,-215,-959,-2129722779,1
32,-223,-943,-2129722739,1
48,-247,-975,-2129722699,1
48,-223,-991,-2129722659,1
40,-215,-943,-2129722619,1
72,-223,-975,-2129722579,1
48,-215,-975,-2129722539,1
48,-215,-959,-2129722499,1
16,-215,-959,-2129722459,1
56,-199,-991,-2129722419,1
56,-207,-991,-2129722379,1
40,-191,-1023,-2129722339,1
80,-191,-1047,-2129722299,1
56,-215,-983,-2129722259,1
88,-215,-975,-2129722219,1
48,-223,-951,-2129722179,1
40,-223,-959,-2129722139,1
64,-231,-1015,-2129722588,1
56,-207,-903,-2129722548,1
56,-191,-935,-2129722508,1
48,-199,-967,-2129722468,1
32,-207,-967,-2129722428,1
16,-199,-967,-2129722388,1
32,-207,-1031,-2129722348,1
32,-207,-1007,-2129722308,1
40,-183,-967,-2129722268,1
24,-191,-935,-2129722228,1
32,-183,-983,-2129722188,1
32,-191,-967,-2129722148,1
16,-199,-967,-2129722108,1
32,-207,-967,-2129722068,1
32,-239,-999,-2129722028,1
48,-231,-967,-2129721988,1
40,-215,-951,-2129721948,1
32,-207,-943,-2129721908,1
16,-207,-975,-2129721868,1
32,-199,-1015,-2129721828,1
24,-183,-967,-2129721788,1
24,-183,-967,-2129721748,1
32,-191,-983,-2129721708,1
16,-183,-983,-2129721668,1
32,-175,-967,-2129721628,1
32,-183,-967,-2129722078,1
40,-159,-951,-2129722038,1
40,-159,-967,-2129721998,1
32,-191,-959,-2129721958,1
64,-199,-1007,-2129721918,1
56,-191,-951,-2129721878,1
48,-191,-983,-2129721838,1
40,-191,-991,-2129721798,1
24,-191,-975,-2129721758,1
32,-199,-999,-2129721718,1
32,-191,-959,-2129721678,1
40,-191,-1015,-2129721638,1
16,-199,-975,-2129721598,1
16,-207,-991,-2129721558,1
40,-191,-975,-2129721518,1
40,-191,-975,-2129721478,1
48,-175,-959,-2129721438,1
40,-167,-983,-2129721398,1
40,-159,-967,-2129721358,1
48,-167,-959,-2129721318,1
16,-183,-967,-2129721278,1
16,-183,-959,-2129721238,1
40,-207,-951,-2129721198,1
64,-207,-975,-2129721158,1
48,-191,-943,-2129721118,1
40,-199,-999,-2129721567,1
80,-175,-975,-2129721527,1
32,-199,-1007,-2129721487,1
40,-199,-983,-2129721447,1
32,-199,-975,-2129721407,1
32,-191,-967,-2129721367,1
48,-199,-967,-2129721327,1
56,-191,-951,-2129721287,1
48,-191,-999,-2129721247,1
48,-199,-967,-2129721207,1
40,-191,-959,-2129721167,1
48,-183,-959,-2129721127,1
56,-175,-927,-2129721087,1
48,-183,-983,-2129721047,1
40,-183,-999,-2129721007,1
48,-183,-967,-2129720967,1
48,-183,-975,-2129720927,1
16,-199,-967,-2129720887,1
32,-191,-991,-2129720847,1
24,-191,-967,-2129720807,1
32,-191,-975,-2129720767,1
32,-191,-959,-2129720727,1
40,-183,-959,-2129720687,1
32,-215,-951,-2129720647,1
40,-199,-935,-2129720607,1
56,-191,-983,-2129721056,1
48,-191,-1015,-2129721016,1
32,-175,-959,-2129720976,1
32,-159,-975,-2129720936,1
40,-167,-967,-2129720896,1
40,-183,-1007,-2129720856,1
24,-175,-951,-2129720816,1
40,-167,-967,-2129720776,1
40,-175,-959,-2129720736,1
40,-167,-991,-2129720696,1
64,-159,-951,-2129720656,1
56,-167,-959,-2129720616,1
72,-175,-927,-2129720576,1
80,-159,-919,-2129720536,1
64,-191,-983,-2129720496,1
24,-191,-951,-2129720456,1
48,-191,-959,-2129720416,1
56,-191,-967,-2129720376,1
48,-207,-1007,-2129720336,1
24,-183,-943,-2129720296,1
32,-183,-983,-2129720256,1
8,-191,-943,-2129720216,1
32,-183,-975,-2129720176,1
32,-183,-975,-2129720136,1
40,-175,-951,-2129720096,1
64,-159,-967,-2129720545,1
48,-159,-991,-2129720505,1
48,-159,-1015,-2129720465,1
48,-175,-991,-2129720425,1
40,-175,-983,-2129720385,1
24,-175,-951,-2129720345,1
24,-191,-975,-2129720305,1
32,-183,-951,-2129720265,1
48,-183,-1023,-2129720225,1
64,-183,-919,-2129720185,1
56,-167,-1007,-2129720145,1
48,-167,-943,-2129720105,1
40,-175,-951,-2129720065,1
48,-175,-983,-2129720025,1
24,-207,-967,-2129719985,1
1520,784,-1671,-2129714728,2
-15,1584,-1671,-2129714688,2
-1551,-79,-807,-2129714648,2
168,-807,-447,-2129714608,2
696,24,-1127,-2129714568,2
768,136,-791,-2129714528,2
112,-167,-1063,-2129714488,2
-191,-207,-895,-2129714448,2
-175,-175,-743,-2129714408,2
-255,88,-639,-2129714368,2
-87,-279,-719,-2129714328,2
64,-463,-783,-2129714288,2
48,-375,-743,-2129714248,2
72,-423,-911,-2129714208,2
104,-351,-1039,-2129714168,2
64,-255,-1239,-2129714128,2
56,-223,-1255,-2129714088,2
64,-183,-1359,-2129714048,2
64,-167,-1495,-2129714008,2
72,-95,-1455,-2129713968,2
96,-15,-1439,-2129714417,2
64,64,-1383,-2129714377,2
24,96,-1223,-2129714337,2
16,96,-1167,-2129714297,2
24,88,-1103,-2129714257,2
16,80,-1031,-2129714217,2
0,56,-847,-2129714177,2
8,64,-839,-2129714137,2
8,8,-775,-2129714097,2
-23,-79,-751,-2129714057,2
-111,-159,-751,-2129714017,2
-15,-135,-647,-2129713977,2
-47,-135,-687,-2129713937,2
-31,-135,-703,-2129713897,2
-47,-175,-711,-2129713857,2
-63,-239,-791,-2129713817,2
-23,-271,-831,-2129713777,2
-47,-311,-815,-2129713737,2
16,-303,-871,-2129713697,2
40,-295,-919,-2129713657,2
40,-295,-967,-2129713617,2
64,-303,-1007,-2129713577,2
120,-271,-1023,-2129713537,2
160,-207,-1039,-2129713497,2
200,-143,-1151,-2129713457,2
224,-119,-1183,-2129713907,2
216,-87,-1135,-2129713867,2
184,-47,-1151,-2129713827,2
144,-23,-1127,-2129713787,2
96,-7,-1159,-2129713747,2
40,-23,-1159,-2129713707,2
0,-87,-1127,-2129713667,2
8,-95,-1055,-2129713627,2
-31,-95,-1031,-2129713587,2
-31,-79,-935,-2129713547,2
-7,-71,-847,-2129713507,2
0,-79,-815,-2129713467,2
24,-79,-751,-2129713427,2
48,-87,-775,-2129713387,2
80,-63,-759,-2129713347,2
104,-79,-711,-2129713307,2
104,-55,-663,-2129713267,2
136,-23,-775,-2129713227,2
128,-7,-839,-2129713187,2
104,8,-943,-2129713147,2
80,48,-983,-2129713107,2
48,96,-1087,-2129713067,2
48,88,-1087,-2129713027,2
48,120,-1079,-2129712987,2
64,128,-1095,-2129712947,2
-15,-23,-1031,-2129712885,2
-23,-7,-1055,-2129712845,2
0,-7,-1063,-2129712805,2
48,-15,-1095,-2129712765,2
64,-55,-1127,-2129712725,2
72,-71,-1119,-2129712685,2
80,-95,-1079,-2129712645,2
96,-111,-1087,-2129712605,2
88,-127,-1055,-2129712565,2
72,-87,-999,-2129712525,2
72,-87,-1039,-2129712485,2
80,-95,-991,-2129712445,2
72,-87,-975,-2129712405,2
80,-87,-911,-2129712365,2
72,-79,-871,-2129712325,2
80,-63,-855,-2129712285,2
88,-79,-871,-2129712245,2
112,-79,-839,-2129712205,2
120,-63,-903,-2129712165,2
112,-95,-863,-2129712125,2
112,-103,-887,-2129712085,2
112,-79,-887,-2129712045,2
136,-95,-935,-2129712005,2
128,-111,-951,-2129711965,2
128,-127,-959,-2129711925,2
120,-143,-959,-2129712375,2
120,-127,-983,-2129712335,2
112,-111,-1031,-2129712295,2
96,-103,-999,-2129712255,2
96,-151,-983,-2129712215,2
88,-151,-1023,-2129712175,2
88,-127,-1023,-2129712135,2
80,-111,-1079,-2129712095,2
64,-63,-1063,-2129712055,2
32,-55,-1039,-2129712015,2
32,-55,-1119,-2129711975,2
48,-15,-1071,-2129711935,2
56,-23,-1063,-2129711895,2
80,0,-1071,-2129711855,2
112,16,-1071,-2129711815,2
96,32,-1055,-2129711775,2
80,32,-1023,-2129711735,2
32,0,-991,-2129711695,2
48,24,-967,-2129711655,2
48,24,-911,-2129711615,2
40,16,-879,-2129711575,2
16,64,-855,-2129711535,2
8,16,-855,-2129711495,2
24,32,-823,-2129711455,2
56,0,-823,-2129711415,2
64,-31,-831,-2129711864,2
72,-71,-903,-2129711824,2
72,-111,-903,-2129711784,2
64,-151,-927,-2129711744,2
80,-167,-975,-2129711704,2
96,-175,-991,-2129711664,2
96,-191,-1071,-2129711624,2
80,-207,-1031,-2129711584,2
88,-191,-1047,-2129711544,2
64,-151,-1055,-2129711504,2
48,-167,-1103,-2129711464,2
48,-143,-1079,-2129711424,2
32,-135,-1079,-2129711384,2
48,-119,-1095,-2129711344,2
48,-103,-1095,-2129711304,2
56,-111,-1103,-2129711264,2
48,-87,-1031,-2129711224,2
40,-71,-1031,-2129711184,2
80,-79,-1031,-2129711144,2
80,-71,-1007,-2129711104,2
96,-39,-983,-2129711064,2
96,-15,-951,-2129711024,2
144,0,-895,-2129710984,2
136,8,-911,-2129710944,2
128,0,-855,-2129710904,2
136,24,-935,-2129711353,2
128,0,-895,-2129711313,2
128,-23,-911,-2129711273,2
120,-23,-919,-2129711233,2
136,0,-927,-2129711193,2
144,0,-959,-2129711153,2
152,-31,-983,-2129711113,2
152,-63,-983,-2129711073,2
144,-79,-1007,-2129711033,2
168,-71,-1023,-2129710993,2
152,-79,-999,-2129710953,2
136,-71,-1015,-2129710913,2
128,-103,-1015,-2129710873,2
136,-95,-1007,-2129710833,2
128,-79,-959,-2129710793,2
112,-71,-1007,-2129710753,2
96,-63,-1023,-2129710713,2
96,-63,-1031,-2129710673,2
112,-79,-1039,-2129710633,2
80,-95,-1047,-2129710593,2
64,-79,-1015,-2129710553,2
48,-63,-1023,-2129710513,2
16,-23,-991,-2129710473,2
-15,-23,-1055,-2129710433,2
0,-39,-1031,-2129710393,2
-7,-23,-1023,-2129710843,2
-7,-39,-1015,-2129710803,2
-7,-7,-1031,-2129710763,2
-7,-15,-951,-2129710723,2
16,-39,-919,-2129710683,2
0,-15,-919,-2129710643,2
-7,-31,-895,-2129710603,2
32,-31,-847,-2129710563,2
24,-47,-919,-2129710523,2
48,-47,-887,-2129710483,2
80,-63,-927,-2129710443,2
72,-79,-943,-2129710403,2
80,-119,-959,-2129710363,2
80,-151,-959,-2129710323,2
96,-159,-927,-2129710283,2
56,-103,-951,-2129706557,3
72,-295,-1127,-2129706517,3
64,-215,-951,-2129706477,3
80,-167,-975,-2129706437,3
80,-143,-991,-2129706397,3
-111,-103,-1095,-2129706357,3
256,-535,-719,-2129706317,3
-759,-239,-1143,-2129706277,3
-1535,-23,-1095,-2129706237,3
712,856,-1759,-2129706197,3
-1271,152,-511,-2129706157,3
-415,-1575,-279,-2129706117,3
1616,-559,-1551,-2129706077,3
1584,1400,-1767,-2129706037,3
-567,1360,-967,-2129705997,3
-1959,-559,-71,-2129705957,3
-159,-1303,-735,-2129705917,3
704,-975,-807,-2129705877,3
352,-1127,-647,-2129705837,3
304,-295,-1119,-2129705797,3
304,-47,-975,-2129706247,3
112,-15,-1103,-2129706207,3
168,-39,-1023,-2129706167,3
168,-111,-943,-2129706127,3
136,-111,-959,-2129706087,3
56,-119,-967,-2129706047,3
88,-143,-999,-2129706007,3
88,-143,-983,-2129705967,3
88,-143,-959,-2129705927,3
72,-159,-983,-2129705887,3
64,-151,-983,-2129705847,3
48,-159,-935,-2129705807,3
56,-151,-975,-2129705767,3
32,-127,-1023,-2129705727,3
40,-127,-895,-2129705687,3
48,-135,-975,-2129705647,3
48,-135,-975,-2129705607,3
64,-151,-975,-2129705567,3
64,-151,-967,-2129705527,3
64,-151,-975,-2129705487,3
80,-143,-951,-2129705447,3
72,-143,-951,-2129705407,3
64,-127,-959,-2129705367,3
72,-135,-967,-2129705327,3
72,-135,-975,-2129705287,3
56,-127,-943,-2129705737,3
24,-143,-983,-2129705697,3
16,-143,-967,-2129705657,3
24,-143,-983,-2129705617,3
24,-103,-975,-2129705577,3
56,-143,-967,-2129705537,3
64,-143,-943,-2129705497,3
32,-151,-975,-2129705457,3
40,-143,-991,-2129705417,3
32,-143,-983,-2129705377,3
24,-167,-999,-2129705337,3
16,-143,-1015,-2129705297,3
-15,-207,-815,-2129705257,3
48,-199,-927,-2129705217,3
72,-183,-999,-2129705177,3
80,-151,-959,-2129705137,3
80,-135,-975,-2129705097,3
80,-135,-967,-2129705057,3
80,-135,-975,-2129705017,3
88,-119,-951,-2129704977,3
72,-135,-983,-2129704937,3
48,-111,-959,-2129704897,3
88,-103,-999,-2129704857,3
72,-119,-975,-2129704817,3
56,-103,-999,-2129704777,3
40,-143,-983,-2129705226,3
48,-135,-983,-2129705186,3
56,-135,-999,-2129705146,3
56,-143,-1031,-2129705106,3
64,-143,-983,-2129705066,3
56,-135,-999,-2129705026,3
48,-119,-943,-2129704986,3
64,-127,-935,-2129704946,3
56,-151,-967,-2129704906,3
40,-167,-975,-2129704866,3
56,-167,-983,-2129704826,3
64,-167,-967,-2129704786,3
48,-159,-983,-2129704746,3
32,-151,-983,-2129704706,3
72,-135,-967,-2129704666,3
64,-167,-975,-2129704626,3
48,-167,-975,-2129704586,3
56,-159,-927,-2129704546,3
56,-151,-967,-2129704506,3
72,-151,-975,-2129704466,3
48,-159,-1007,-2129704426,3
56,-151,-991,-2129704386,3
64,-135,-983,-2129704346,3
56,-143,-951,-2129704306,3
72,-135,-1023,-2129704266,3
64,-143,-975,-2129704715,3
72,-127,-1007,-2129704675,3
88,-127,-951,-2129704635,3
56,-135,-951,-2129704595,3
48,-135,-991,-2129704555,3
48,-135,-991,-2129704515,3
56,-135,-1023,-2129704475,3
64,-95,-983,-2129704435,3
56,-111,-1031,-2129704395,3
32,-111,-959,-2129704355,3
32,-143,-967,-2129704315,3
40,-143,-991,-2129704275,3
32,-127,-983,-2129704235,3
48,-135,-967,-2129704195,3
48,-135,-991,-2129704155,3
48,-127,-991,-2129704115,3
48,-135,-999,-2129704075,3
56,-143,-1007,-2129704035,3
40,-143,-975,-2129703995,3
40,-167,-991,-2129703955,3
40,-151,-975,-2129703915,3
64,-159,-967,-2129703875,3
48,-151,-959,-2129703835,3
40,-151,-919,-2129703795,3
48,-151,-951,-2129703755,3
48,-159,-943,-2129704205,3
56,-159,-967,-2129704165,3
72,-159,-927,-2129704125,3
64,-183,-967,-2129704085,3
56,-151,-975,-2129704045,3
48,-119,-991,-2129704005,3
40,-111,-959,-2129703965,3
48,-103,-983,-2129703925,3
48,-135,-1015,-2129703885,3
40,-135,-975,-2129703845,3
32,-111,-983,-2129703805,3
40,-111,-999,-2129703765,3
40,-127,-991,-2129703725,3
48,-135,-999,-2129703685,3
48,-135,-983,-2129703645,3
48,-143,-1007,-2129703605,3
56,-127,-1007,-2129703565,3
88,-103,-959,-2129703525,3
64,-119,-991,-2129703485,3
64,-127,-975,-2129703445,3
72,-111,-975,-2129703405,3
72,-119,-951,-2129703365,3
64,-119,-1023,-2129703325,3
56,-127,-991,-2129703285,3
64,-111,-967,-2129703245,3
56,-119,-999,-2129703694,3
64,-127,-967,-2129703654,3
56,-135,-1015,-2129703614,3
72,-143,-999,-2129703574,3
56,-143,-983,-2129703534,3
32,-127,-983,-2129703494,3
48,-135,-1007,-2129703454,3
16,-119,-1007,-2129703414,3
32,-127,-999,-2129703374,3
40,-127,-999,-2129703334,3
40,-143,-1031,-2129703294,3
48,-135,-967,-2129703254,3
56,-127,-959,-2129703214,3
56,-119,-943,-2129703174,3
56,-119,-919,-2129703134,3
56,-95,-991,-2129703094,3
56,-143,-975,-2129703054,3
56,-127,-975,-2129703014,3
56,-103,-999,-2129702974,3
48,-119,-999,-2129702934,3
40,-119,-975,-2129702894,3
40,-111,-991,-2129702854,3
48,-119,-991,-2129702814,3
48,-135,-1023,-2129702774,3
48,-143,-991,-2129702734,3
32,-151,-935,-2129703183,3
48,-143,-1007,-2129703143,3
56,-119,-983,-2129703103,3
48,-135,-959,-2129703063,3
56,-143,-983,-2129703023,3
32,-135,-999,-2129702983,3
40,-151,-1015,-2129702943,3
40,-143,-975,-2129702903,3
24,-119,-991,-2129702863,3
40,-119,-967,-2129702823,3
56,-119,-967,-2129702783,3
56,-135,-967,-2129702743,3
72,-119,-983,-2129702703,3
72,-135,-959,-2129702663,3
64,-127,-951,-2129702623,3
56,-127,-967,-2129702583,3
48,-127,-975,-2129702543,3
32,-143,-975,-2129702503,3
48,-135,-943,-2129702463,3
56,-135,-975,-2129702423,3
72,-127,-1007,-2129702383,3
56,-119,-975,-2129702343,3
48,-127,-999,-2129702303,3
48,-143,-999,-2129702263,3
72,-143,-983,-2129702223,3
80,-127,-975,-2129702672,3
56,-111,-991,-2129702632,3
56,-111,-943,-2129702592,3
64,-119,-967,-2129702552,3
64,-119,-1047,-2129702512,3
64,-127,-1015,-2129702472,3
64,-143,-967,-2129702432,3
64,-143,-999,-2129702392,3
56,-143,-983,-2129702352,3
48,-135,-975,-2129702312,3
48,-135,-975,-2129702272,3
48,-143,-967,-2129702232,3
64,-135,-999,-2129702192,3
40,-151,-967,-2129702152,3
48,-143,-991,-2129702112,3
56,-127,-1055,-2129702072,3
56,-135,-967,-2129702032,3
56,-127,-975,-2129701992,3
88,-119,-919,-2129701952,3
56,-143,-975,-2129701912,3
48,-119,-959,-2129701872,3
48,-111,-975,-2129701832,3
64,-127,-959,-2129701792,3
72,-135,-991,-2129701752,3
64,-135,-999,-2129701712,3
112,-143,-983,-2129702162,3
88,-127,-951,-2129702122,3
64,-103,-999,-2129702082,3
48,-143,-975,-2129702042,3
40,-135,-967,-2129702002,3
48,-111,-951,-2129701962,3
80,-119,-943,-2129701922,3
48,-127,-967,-2129701882,3
48,-127,-967,-2129701842,3
40,-143,-967,-2129701802,3
64,-127,-983,-2129701762,3
48,-127,-951,-2129701722,3
56,-119,-959,-2129701682,3
56,-111,-999,-2129701642,3
64,-119,-991,-2129701602,3
48,-127,-959,-2129701562,3
40,-127,-1007,-2129701522,3
40,-119,-983,-2129701482,3
72,-135,-967,-2129701442,3
64,-143,-983,-2129701402,3
64,-127,-991,-2129701362,3
40,-135,-1015,-2129701322,3
32,-135,-959,-2129701282,3
64,-111,-975,-2129701242,3
64,-103,-951,-2129701202,3
88,-103,-983,-2129700630,3
80,-111,-975,-2129700590,3
64,-119,-983,-2129700550,3
64,-119,-983,-2129700510,3
72,-119,-975,-2129700470,3
48,-111,-975,-2129700430,3
56,-111,-975,-2129700390,3
56,-111,-983,-2129700350,3
64,-119,-991,-2129700310,3
48,-103,-991,-2129700270,3
48,-103,-967,-2129700230,3
48,-103,-975,-2129700190,3
40,-119,-967,-2129700150,3
56,-127,-999,-2129700110,3
40,-127,-959,-2129700070,3
48,-119,-975,-2129700030,3
48,-119,-1007,-2129699990,3
48,-143,-983,-2129699950,3
40,-135,-983,-2129699910,3
32,-127,-975,-2129699870,3
48,-119,-967,-2129699830,3
48,-111,-983,-2129699790,3
56,-95,-1031,-2129699750,3
40,-111,-951,-2129699710,3
40,-103,-975,-2129699670,3
56,-103,-951,-2129700120,3
8,-87,-967,-2129700080,3
16,-143,-951,-2129700040,3
32,-127,-959,-2129700000,3
40,-111,-999,-2129699960,3
40,-119,-975,-2129699920,3
56,-127,-983,-2129699880,3
40,-135,-935,-2129699840,3
48,-143,-975,-2129699800,3
56,-127,-983,-2129699760,3
56,-135,-975,-2129699720,3
40,-135,-999,-2129699680,3
48,-127,-1023,-2129699640,3
64,-111,-1023,-2129699600,3
72,-111,-967,-2129699560,3
40,-119,-1023,-2129699520,3
24,-135,-983,-2129699480,3
24,-143,-975,-2129699440,3
40,-127,-991,-2129699400,3
56,-111,-999,-2129699360,3
64,-127,-999,-2129699320,3
48,-119,-983,-2129699280,3
72,-119,-999,-2129699240,3
64,-119,-967,-2129699200,3
56,-119,-1007,-2129699160,3
72,-119,-975,-2129699609,3
64,-119,-967,-2129699569,3
48,-111,-975,-2129699529,3
48,-135,-975,-2129699489,3
56,-135,-959,-2129699449,3
56,-135,-959,-2129699409,3
56,-119,-975,-2129699369,3
32,-127,-975,-2129699329,3
48,-127,-991,-2129699289,3
40,-127,-983,-2129699249,3
40,-111,-991,-2129699209,3
48,-135,-1031,-2129699169,3
8,-119,-967,-2129699129,3
64,-119,-959,-2129699089,3
40,-135,-975,-2129699049,3
104,-127,-999,-2129699009,3
64,-143,-951,-2129698969,3
40,-127,-975,-2129698929,3
24,-127,-983,-2129698889,3
24,-111,-1015,-2129698849,3
24,-119,-991,-2129698809,3
32,-127,-967,-2129698769,3
32,-119,-975,-2129698729,3
32,-111,-935,-2129698689,3
56,-119,-975,-2129698649,3
32,-119,-983,-2129699098,3
32,-127,-967,-2129699058,3
48,-103,-943,-2129699018,3
-15,-95,-1007,-2129698978,3
-7,-103,-1023,-2129698938,3
40,-111,-983,-2129698898,3
64,-143,-1055,-2129698858,3
40,-143,-999,-2129698818,3
32,-95,-991,-2129698778,3
80,-183,-959,-2129698738,3
72,-143,-967,-2129698698,3
48,-143,-975,-2129698658,3
-31,-135,-1015,-2129698618,3
32,-127,-967,-2129698578,3
80,-119,-943,-2129698538,3
24,-151,-951,-2129693792,4
32,-175,-975,-2129693752,4
32,-167,-1007,-2129693712,4
40,-175,-975,-2129693672,4
48,-159,-991,-2129693632,4
72,-143,-975,-2129693592,4
88,-103,-975,-2129693552,4
96,-79,-951,-2129693512,4
56,-79,-967,-2129693472,4
248,16,-871,-2129693432,4
-303,-375,-991,-2129693392,4
368,664,-1663,-2129693352,4
760,1560,-1911,-2129693312,4
1040,-391,-423,-2129693272,4
520,1352,-1847,-2129693232,4
-1479,-455,-71,-2129693192,4
152,-1631,-423,-2129693152,4
1944,192,-1815,-2129693112,4
-335,1424,-1303,-2129693072,4
-1943,-415,-199,-2129693032,4
616,-1639,-591,-2129693481,4
968,-2007,-71,-2129693441,4
-519,-1031,-1055,-2129693401,4
-55,-1103,-623,-2129693361,4
-391,-727,-895,-2129693321,4
-215,-655,-863,-2129693281,4
-71,-215,-1055,-2129693241,4
56,-143,-951,-2129693201,4
88,-127,-951,-2129693161,4
40,-111,-983,-2129693121,4
56,-127,-991,-2129693081,4
40,-127,-991,-2129693041,4
48,-135,-991,-2129693001,4
48,-151,-975,-2129692961,4
40,-151,-967,-2129692921,4
16,-151,-967,-2129692881,4
0,-143,-991,-2129692841,4
16,-151,-975,-2129692801,4
8,-143,-983,-2129692761,4
16,-119,-983,-2129692721,4
16,-127,-991,-2129692681,4
8,-127,-967,-2129692641,4
24,-135,-999,-2129692601,4
-7,-143,-959,-2129692561,4
16,-135,-1015,-2129692521,4
40,-135,-1023,-2129692971,4
32,-111,-983,-2129692931,4
40,-127,-991,-2129692891,4
48,-159,-983,-2129692851,4
56,-167,-967,-2129692811,4
56,-143,-975,-2129692771,4
40,-127,-951,-2129692731,4
32,-103,-983,-2129692691,4
56,-111,-959,-2129692651,4
72,-95,-991,-2129692611,4
88,-111,-999,-2129692571,4
72,-111,-1007,-2129692531,4
40,-127,-1039,-2129692491,4
40,-143,-975,-2129692451,4
48,-151,-975,-2129692411,4
56,-127,-975,-2129692371,4
48,-135,-975,-2129692331,4
48,-135,-967,-2129692291,4
48,-135,-975,-2129692251,4
40,-119,-975,-2129692211,4
40,-119,-967,-2129692171,4
48,-127,-999,-2129692131,4
56,-119,-991,-2129692091,4
56,-119,-975,-2129692051,4
48,-127,-1031,-2129692011,4
56,-119,-1015,-2129692461,4
48,-127,-983,-2129692421,4
8,-127,-975,-2129692381,4
32,-135,-975,-2129692341,4
40,-127,-991,-2129692301,4
48,-135,-991,-2129692261,4
48,-127,-1007,-2129692221,4
32,-135,-991,-2129692181,4
32,-159,-983,-2129692141,4
40,-151,-1023,-2129692101,4
32,-135,-983,-2129692061,4
32,-127,-975,-2129692021,4
48,-135,-983,-2129691981,4
48,-135,-991,-2129691941,4
64,-127,-1015,-2129691901,4
48,-119,-983,-2129691861,4
56,-127,-1039,-2129691821,4
64,-135,-983,-2129691781,4
48,-135,-983,-2129691741,4
56,-135,-991,-2129691701,4
56,-119,-967,-2129691661,4
56,-119,-959,-2129691621,4
48,-103,-967,-2129691581,4
48,-111,-959,-2129691541,4
56,-103,-959,-2129691501,4
32,-127,-951,-2129691950,4
40,-143,-935,-2129691910,4
48,-135,-1015,-2129691870,4
56,-135,-999,-2129691830,4
48,-127,-951,-2129691790,4
56,-111,-999,-2129691750,4
32,-103,-991,-2129691710,4
16,-95,-1015,-2129691670,4
64,-103,-1007,-2129691630,4
72,-103,-959,-2129691590,4
64,-119,-983,-2129691550,4
56,-127,-975,-2129691510,4
56,-119,-991,-2129691470,4
32,-127,-943,-2129691430,4
40,-127,-975,-2129691390,4
16,-111,-983,-2129691350,4
32,-119,-983,-2129691310,4
32,-127,-967,-2129691270,4
40,-111,-959,-2129691230,4
32,-119,-975,-2129691190,4
40,-127,-975,-2129691150,4
48,-143,-975,-2129691110,4
56,-119,-903,-2129691070,4
56,-119,-951,-2129691030,4
24,-87,-943,-2129690990,4
24,-103,-959,-2129691439,4
32,-111,-975,-2129691399,4
32,-111,-967,-2129691359,4
48,-119,-1007,-2129691319,4
56,-119,-1047,-2129691279,4
40,-127,-967,-2129691239,4
40,-127,-1007,-2129691199,4
48,-127,-975,-2129691159,4
56,-127,-1007,-2129691119,4
48,-103,-951,-2129691079,4
48,-111,-951,-2129691039,4
56,-119,-967,-2129690999,4
32,-135,-967,-2129690959,4
48,-127,-975,-2129690919,4
32,-119,-983,-2129690879,4
40,-119,-991,-2129690839,4
40,-127,-983,-2129690799,4
40,-127,-983,-2129690759,4
40,-119,-943,-2129690719,4
32,-127,-967,-2129690679,4
32,-119,-975,-2129690639,4
48,-119,-991,-2129690599,4
40,-119,-983,-2129690559,4
48,-111,-975,-2129690519,4
48,-119,-951,-2129690479,4
40,-119,-975,-2129690928,4
40,-119,-991,-2129690888,4
56,-103,-975,-2129690848,4
40,-103,-991,-2129690808,4
48,-103,-1023,-2129690768,4
56,-111,-959,-2129690728,4
40,-111,-975,-2129690688,4
56,-87,-983,-2129690648,4
48,-111,-967,-2129690608,4
40,-135,-959,-2129690568,4
40,-127,-943,-2129690528,4
40,-135,-967,-2129690488,4
48,-135,-991,-2129690448,4
32,-135,-975,-2129690408,4
48,-127,-959,-2129690368,4
40,-111,-1015,-2129690328,4
48,-127,-975,-2129690288,4
48,-127,-967,-2129690248,4
56,-111,-967,-2129690208,4
56,-111,-975,-2129690168,4
64,-119,-983,-2129690128,4
64,-127,-975,-2129690088,4
56,-119,-991,-2129690048,4
64,-111,-983,-2129690008,4
48,-111,-975,-2129689968,4
80,-111,-983,-2129690418,4
64,-135,-991,-2129690378,4
40,-127,-975,-2129690338,4
48,-119,-975,-2129690298,4
40,-119,-967,-2129690258,4
40,-135,-983,-2129690218,4
48,-127,-975,-2129690178,4
48,-127,-943,-2129690138,4
72,-143,-935,-2129690098,4
56,-143,-1007,-2129690058,4
48,-119,-967,-2129690018,4
64,-143,-1007,-2129689978,4
56,-151,-967,-2129689938,4
48,-127,-983,-2129689898,4
24,-119,-975,-2129689858,4
32,-111,-1007,-2129689818,4
24,-111,-983,-2129689778,4
32,-111,-1007,-2129689738,4
32,-127,-991,-2129689698,4
32,-111,-975,-2129689658,4
32,-111,-983,-2129689618,4
40,-119,-975,-2129689578,4
40,-119,-959,-2129689538,4
72,-95,-1023,-2129689498,4
64,-119,-959,-2129689458,4
56,-119,-935,-2129689907,4
72,-119,-975,-2129689867,4
72,-95,-991,-2129689827,4
72,-95,-983,-2129689787,4
72,-111,-991,-2129689747,4
56,-119,-983,-2129689707,4
56,-127,-943,-2129689667,4
40,-135,-999,-2129689627,4
48,-127,-959,-2129689587,4
56,-143,-975,-2129689547,4
48,-151,-991,-2129689507,4
40,-159,-983,-2129689467,4
48,-135,-983,-2129689427,4
72,-103,-959,-2129689387,4
56,-111,-991,-2129689347,4
48,-127,-975,-2129689307,4
40,-111,-1015,-2129689267,4
40,-103,-983,-2129689227,4
64,-119,-959,-2129689187,4
48,-111,-991,-2129689147,4
40,-127,-959,-2129689107,4
56,-111,-975,-2129689067,4
40,-119,-975,-2129689027,4
40,-135,-967,-2129688987,4
32,-119,-991,-2129688947,4
56,-119,-999,-2129689396,4
80,-119,-951,-2129689356,4
80,-119,-983,-2129689316,4
48,-127,-1015,-2129689276,4
48,-127,-975,-2129689236,4
72,-111,-991,-2129689196,4
48,-111,-975,-2129689156,4
120,-127,-967,-2129689116,4
56,-127,-919,-2129689076,4
24,-95,-927,-2129689036,4
88,-119,-959,-2129688996,4
120,-127,-975,-2129688956,4
56,-143,-999,-2129688916,4
-15,-87,-975,-2129688876,4
8,-95,-959,-2129688836,4
32,-95,-967,-2129688796,4
56,-79,-1007,-2129688756,4
80,-127,-959,-2129688716,4
48,-119,-967,-2129688676,4
-7,-103,-975,-2129688636,4
-7,-151,-1031,-2129688596,4
56,-127,-975,-2129688556,4
48,-135,-983,-2129688516,4
40,-87,-951,-2129688476,4
0,-103,-1015,-2129688436,4
64,-175,-951,-2129688376,4
80,-143,-951,-2129688336,4
72,-119,-951,-2129688296,4
48,-119,-967,-2129688256,4
24,-119,-951,-2129688216,4
40,-127,-983,-2129688176,4
72,-135,-919,-2129688136,4
48,-143,-967,-2129688096,4
24,-127,-959,-2129688056,4
40,-143,-999,-2129688016,4
40,-135,-1015,-2129687976,4
32,-135,-983,-2129687936,4
32,-127,-983,-2129687896,4
32,-127,-983,-2129687856,4
24,-127,-975,-2129687816,4
40,-127,-951,-2129687776,4
32,-135,-967,-2129687736,4
32,-167,-999,-2129687696,4
16,-151,-967,-2129687656,4
32,-143,-975,-2129687616,4
16,-135,-975,-2129687576,4
24,-135,-999,-2129687536,4
24,-127,-991,-2129687496,4
24,-159,-983,-2129687456,4
40,-151,-975,-2129687416,4
48,-127,-967,-2129687865,4
48,-127,-975,-2129687825,4
64,-135,-975,-2129687785,4
64,-135,-991,-2129687745,4
64,-135,-967,-2129687705,4
56,-143,-975,-2129687665,4
64,-127,-975,-2129687625,4
72,-111,-983,-2129687585,4
56,-103,-991,-2129687545,4
48,-95,-967,-2129687505,4
40,-135,-983,-2129687465,4
16,-135,-1007,-2129687425,4
40,-127,-991,-2129687385,4
40,-111,-967,-2129687345,4
32,-135,-1015,-2129687305,4
16,-167,-967,-2129687265,4
24,-143,-975,-2129687225,4
40,-127,-975,-2129687185,4
40,-135,-959,-2129687145,4
56,-127,-975,-2129687105,4
48,-135,-967,-2129687065,4
56,-143,-983,-2129687025,4
56,-151,-943,-2129686985,4
24,-159,-951,-2129686945,4
32,-167,-983,-2129686905,4
16,-175,-959,-2129687354,4
32,-167,-967,-2129687314,4
40,-175,-1023,-2129687274,4
32,-175,-983,-2129687234,4
32,-143,-983,-2129687194,4
56,-127,-967,-2129687154,4
48,-111,-975,-2129687114,4
64,-119,-975,-2129687074,4
24,-159,-983,-2129687034,4
48,-167,-1015,-2129686994,4
56,-159,-1015,-2129686954,4
40,-159,-967,-2129686914,4
56,-167,-975,-2129686874,4
40,-159,-975,-2129686834,4
32,-151,-1007,-2129686794,4
16,-151,-991,-2129686754,4
32,-151,-975,-2129686714,4
40,-151,-935,-2129686674,4
40,-159,-951,-2129686634,4
40,-143,-975,-2129686594,4
24,-143,-959,-2129686554,4
16,-151,-991,-2129686514,4
8,-143,-991,-2129686474,4
16,-135,-975,-2129686434,4
24,-135,-943,-2129686394,4
24,-151,-999,-2129686843,4
32,-135,-1007,-2129686803,4
24,-127,-999,-2129686763,4
24,-127,-975,-2129686723,4
24,-143,-967,-2129686683,4
24,-135,-951,-2129686643,4
16,-143,-943,-2129686603,4
24,-135,-967,-2129686563,4
24,-143,-983,-2129686523,4
24,-119,-911,-2129686483,4
32,-135,-975,-2129686443,4
32,-135,-975,-2129686403,4
40,-119,-959,-2129686363,4
32,-127,-975,-2129686323,4
24,-111,-959,-2129686283,4
40,-103,-959,-2129686243,4
32,-127,-983,-2129686203,4
40,-135,-983,-2129686163,4
24,-135,-983,-2129686123,4
32,-143,-983,-2129686083,4
32,-135,-951,-2129686043,4
8,-135,-951,-2129686003,4
56,-143,-983,-2129685963,4
48,-119,-975,-2129685923,4
64,-127,-967,-2129685883,4
48,-159,-1031,-2129686333,4
40,-143,-1007,-2129686293,4
32,-127,-967,-2129686253,4
24,-135,-975,-2129686213,4
32,-135,-967,-2129686173,4
24,-127,-983,-2129686133,4
32,-127,-983,-2129686093,4
48,-151,-975,-2129686053,4
40,-135,-975,-2129686013,4
32,-135,-991,-2129685973,4
32,-127,-991,-2129685933,4
32,-135,-991,-2129685893,4
40,-143,-967,-2129685853,4
40,-135,-1015,-2129685813,4
24,-119,-951,-2129685773,4
24,-127,-975,-2129685733,4
0,-119,-975,-2129685693,4
32,-127,-935,-2129685653,4
48,-143,-967,-2129685613,4
56,-143,-967,-2129685573,4
48,-151,-895,-2129685533,4
64,-127,-967,-2129685493,4
72,-143,-903,-2129685453,4
80,-111,-967,-2129685413,4
64,-119,-967,-2129685373,4
48,-119,-959,-2129685822,4
48,-119,-943,-2129685782,4
80,-111,-991,-2129685742,4
72,-119,-975,-2129685702,4
64,-119,-967,-2129685662,4
72,-127,-951,-2129685622,4
96,-207,-991,-2129685582,4
56,-175,-959,-2129685542,4
56,-151,-983,-2129685502,4
40,-167,-1007,-2129685462,4
48,-151,-975,-2129685422,4
48,-143,-1007,-2129685382,4
32,-135,-991,-2129685342,4
48,-143,-975,-2129685302,4
48,-151,-983,-2129685262,4
32,-151,-1023,-2129685222,4
32,-143,-983,-2129685182,4
48,-151,-983,-2129685142,4
40,-143,-935,-2129685102,4
24,-159,-975,-2129685062,4
40,-151,-935,-2129685022,4
16,-119,-959,-2129684982,4
32,-127,-975,-2129684942,4
32,-143,-943,-2129684902,4
40,-143,-975,-2129684862,4
40,-143,-983,-2129685311,4
32,-167,-991,-2129685271,4
32,-151,-951,-2129685231,4
32,-135,-983,-2129685191,4
24,-135,-983,-2129685151,4
32,-151,-967,-2129685111,4
40,-151,-983,-2129685071,4
64,-151,-927,-2129685031,4
56,-151,-975,-2129684991,4
32,-151,-975,-2129684951,4
32,-143,-967,-2129684911,4
32,-135,-1015,-2129684871,4
40,-119,-991,-2129684831,4
40,-103,-975,-2129684791,4
32,-151,-983,-2129684751,4
32,-143,-1031,-2129684711,4
24,-151,-999,-2129684671,4
24,-143,-959,-2129684631,4
32,-135,-951,-2129684591,4
40,-143,-991,-2129684551,4
32,-151,-967,-2129684511,4
56,-135,-991,-2129684471,4
48,-143,-959,-2129684431,4
40,-151,-959,-2129684391,4
32,-143,-919,-2129684351,4
48,-135,-967,-2129684800,4
64,-151,-943,-2129684760,4
56,-151,-967,-2129684720,4
40,-143,-1023,-2129684680,4
48,-127,-975,-2129684640,4
48,-119,-991,-2129684600,4
48,-135,-983,-2129684560,4
40,-135,-975,-2129684520,4
64,-127,-983,-2129684480,4
56,-135,-943,-2129684440,4
56,-159,-967,-2129684400,4
48,-167,-975,-2129684360,4
328,-151,-959,-2129684320,4
176,-143,-975,-2129684280,4
120,-159,-983,-2129684240,4
-63,-119,-975,-2129665705,5
-39,-127,-967,-2129665665,5
-23,-127,-959,-2129665625,5
-31,-127,-1007,-2129665585,5
312,-255,-895,-2129665545,5
176,-119,-951,-2129665505,5
80,-103,-927,-2129665465,5
216,-95,-791,-2129665425,5
48,-87,-1007,-2129665385,5
-159,-439,-927,-2129665345,5
160,-735,-631,-2129665305,5
280,600,-1543,-2129665265,5
1320,1376,-1591,-2129665225,5
96,-839,-495,-2129665185,5
1528,888,-1711,-2129665145,5
-1143,496,-935,-2129665105,5
-959,-1463,-495,-2129665065,5
1560,-527,-1183,-2129665025,5
488,1472,-1911,-2129664985,5
-1791,1064,-959,-2129664945,5
-911,-1095,112,-2129665394,5
-295,-1711,-63,-2129665354,5
-1031,-879,-975,-2129665314,5
-159,-991,-511,-2129665274,5
-431,-759,-879,-2129665234,5
-199,-663,-831,-2129665194,5
-159,-239,-991,-2129665154,5
-23,-159,-951,-2129665114,5
16,-127,-935,-2129665074,5
-15,-151,-1111,-2129665034,5
40,-183,-1143,-2129664994,5
48,-167,-1127,-2129664954,5
112,-143,-1135,-2129664914,5
152,-103,-1159,-2129664874,5
160,-47,-1087,-2129664834,5
152,-7,-1023,-2129664794,5
136,32,-983,-2129664754,5
120,56,-895,-2129664714,5
56,72,-887,-2129664674,5
8,40,-903,-2129664634,5
-23,0,-839,-2129664594,5
-47,-23,-887,-2129664554,5
-71,-7,-831,-2129664514,5
-95,-7,-887,-2129664474,5
-127,-55,-887,-2129664434,5
-135,-95,-887,-2129664883,5
-103,-111,-943,-2129664843,5
-95,-143,-1039,-2129664803,5
-87,-143,-967,-2129664763,5
-71,-151,-999,-2129664723,5
-31,-151,-1007,-2129664683,5
-31,-183,-1095,-2129664643,5
-15,-207,-1119,-2129664603,5
0,-223,-1111,-2129664563,5
40,-255,-1127,-2129664523,5
64,-231,-1127,-2129664483,5
96,-223,-1119,-2129664443,5
120,-207,-1087,-2129664403,5
144,-191,-1055,-2129664363,5
128,-151,-1023,-2129664323,5
128,-111,-959,-2129664283,5
128,-79,-927,-2129664243,5
112,-31,-879,-2129664203,5
96,8,-831,-2129664163,5
72,24,-799,-2129664123,5
48,40,-799,-2129664083,5
16,48,-815,-2129664043,5
-15,32,-783,-2129664003,5
-23,32,-791,-2129663963,5
16,32,-847,-2129663923,5
104,-7,-799,-2129663863,5
96,24,-799,-2129663823,5
96,-7,-807,-2129663783,5
88,8,-823,-2129663743,5
64,8,-847,-2129663703,5
32,-15,-863,-2129663663,5
8,-55,-855,-2129663623,5
-15,-63,-855,-2129663583,5
-23,-71,-871,-2129663543,5
-7,-79,-943,-2129663503,5
0,-95,-935,-2129663463,5
16,-103,-983,-2129663423,5
40,-143,-999,-2129663383,5
24,-191,-999,-2129663343,5
32,-231,-1031,-2129663303,5
16,-263,-1047,-2129663263,5
32,-295,-1079,-2129663223,5
64,-303,-1103,-2129663183,5
56,-295,-1087,-2129663143,5
40,-247,-1079,-2129663103,5
24,-231,-1191,-2129663063,5
16,-175,-1183,-2129663023,5
24,-167,-1223,-2129662983,5
64,-167,-1199,-2129662943,5
80,-151,-1175,-2129662903,5
96,-127,-1135,-2129663352,5
104,-71,-1103,-2129663312,5
128,-63,-1015,-2129663272,5
144,-31,-959,-2129663232,5
120,-7,-895,-2129663192,5
128,64,-903,-2129663152,5
104,80,-839,-2129663112,5
112,80,-815,-2129663072,5
88,32,-735,-2129663032,5
104,32,-687,-2129662992,5
120,40,-751,-2129662952,5
128,8,-799,-2129662912,5
128,-39,-823,-2129662872,5
88,-63,-903,-2129662832,5
64,-63,-983,-2129662792,5
48,-87,-1031,-2129662752,5
48,-119,-1103,-2129662712,5
0,-207,-1119,-2129662672,5
8,-231,-1119,-2129662632,5
24,-207,-1159,-2129662592,5
-39,-159,-1215,-2129662552,5
-95,-127,-1207,-2129662512,5
-71,-135,-1167,-2129662472,5
-95,-103,-1127,-2129662432,5
-143,-55,-1063,-2129662392,5
-143,-63,-943,-2129662841,5
-87,-31,-871,-2129662801,5
-79,8,-871,-2129662761,5
-55,8,-855,-2129662721,5
-47,0,-839,-2129662681,5
0,-7,-807,-2129662641,5
24,-23,-847,-2129662601,5
32,-47,-903,-2129662561,5
16,-71,-903,-2129662521,5
72,-79,-887,-2129662481,5
120,-55,-935,-2129662441,5
112,-23,-887,-2129662401,5
144,-39,-879,-2129662361,5
176,-39,-943,-2129662321,5
192,-39,-967,-2129662281,5
192,-39,-967,-2129662241,5
184,-15,-1031,-2129662201,5
184,16,-999,-2129662161,5
152,32,-1031,-2129662121,5
136,24,-1023,-2129662081,5
128,32,-1023,-2129662041,5
104,24,-1031,-2129662001,5
96,16,-1103,-2129661961,5
72,8,-1039,-2129661921,5
40,32,-1071,-2129661881,5
24,16,-1087,-2129662331,5
16,-23,-1143,-2129662291,5
-7,-55,-1039,-2129662251,5
-7,-87,-975,-2129662211,5
-15,-79,-999,-2129662171,5
-7,-95,-919,-2129662131,5
-7,-119,-911,-2129662091,5
0,-135,-895,-2129662051,5
16,-143,-951,-2129662011,5
32,-151,-919,-2129661971,5
16,-159,-871,-2129661931,5
24,-151,-911,-2129661891,5
32,-143,-927,-2129661851,5
32,-159,-943,-2129661811,5
48,-151,-943,-2129661771,5
48,-175,-975,-2129661731,5
56,-167,-983,-2129661691,5
32,-167,-999,-2129661651,5
32,-175,-1047,-2129661611,5
56,-191,-1063,-2129661571,5
72,-143,-1095,-2129661531,5
80,-119,-1095,-2129661491,5
72,-103,-1127,-2129661451,5
72,-87,-1167,-2129661411,5
80,-63,-1111,-2129661371,5
80,-23,-1103,-2129661820,5
64,-47,-1079,-2129661780,5
64,-63,-1063,-2129661740,5
64,-71,-1007,-2129661700,5
56,-63,-951,-2129661660,5
80,-55,-863,-2129661620,5
104,-63,-887,-2129661580,5
88,-55,-863,-2129661540,5
88,-47,-831,-2129661500,5
88,-47,-831,-2129661460,5
88,-55,-799,-2129661420,5
56,-87,-823,-2129661380,5
48,-111,-855,-2129661340,5
40,-127,-815,-2129661300,5
32,-143,-863,-2129661260,5
16,-159,-855,-2129661220,5
16,-175,-927,-2129661180,5
8,-183,-975,-2129661140,5
16,-199,-991,-2129661100,5
8,-199,-1031,-2129661060,5
-7,-191,-1063,-2129661020,5
-7,-159,-1135,-2129660980,5
-23,-151,-1135,-2129660940,5
-55,-143,-1119,-2129660900,5
-47,-151,-1111,-2129660860,5
-63,-151,-1127,-2129661309,5
-63,-135,-1087,-2129661269,5
-39,-167,-1087,-2129661229,5
16,-175,-975,-2129661189,5
0,-151,-943,-2129661149,5
-23,-119,-903,-2129661109,5
-7,-79,-823,-2129661069,5
0,-23,-759,-2129661029,5
-23,0,-727,-2129660989,5
0,40,-751,-2129660949,5
-7,64,-799,-2129660909,5
-31,96,-783,-2129660869,5
-47,96,-823,-2129660829,5
-31,72,-951,-2129660789,5
-23,96,-1055,-2129660749,5
-39,80,-1095,-2129660709,5
-63,56,-1111,-2129660669,5
-55,32,-1127,-2129660629,5
0,24,-1119,-2129660589,5
0,0,-1119,-2129660549,5
16,8,-1063,-2129660509,5
24,-15,-1111,-2129660469,5
32,-39,-1151,-2129660429,5
56,-71,-1103,-2129660389,5
88,-55,-1175,-2129660349,5
64,-39,-1103,-2129660798,5
80,-71,-1079,-2129660758,5
80,-103,-1031,-2129660718,5
96,-95,-991,-2129660678,5
88,-71,-951,-2129660638,5
128,-87,-951,-2129660598,5
96,-95,-879,-2129660558,5
96,-111,-879,-2129660518,5
80,-103,-951,-2129660478,5
80,-95,-855,-2129660438,5
56,-87,-879,-2129660398,5
64,-87,-863,-2129660358,5
24,-119,-847,-2129660318,5
24,-55,-895,-2129660278,5
16,-39,-887,-2129660238,5
0,-39,-903,-2129660198,5
-23,8,-959,-2129660158,5
-15,32,-1007,-2129660118,5
-15,40,-1039,-2129660078,5
8,56,-1055,-2129660038,5
8,56,-1071,-2129659998,5
24,32,-1055,-2129659958,5
32,48,-1095,-2129659918,5
32,-7,-1111,-2129659878,5
24,-23,-1087,-2129659838,5
32,-31,-1071,-2129660288,5
32,-47,-1103,-2129660248,5
0,-79,-1095,-2129660208,5
0,-79,-1087,-2129660168,5
-7,-95,-1047,-2129660128,5
0,-119,-1031,-2129660088,5
-15,-119,-991,-2129660048,5
-7,-119,-959,-2129660008,5
-15,-111,-943,-2129659968,5
-23,-111,-903,-2129659928,5
-23,-111,-823,-2129659888,5
-15,-119,-855,-2129659848,5
-23,-111,-831,-2129659808,5
0,-111,-823,-2129659768,5
8,-103,-847,-2129659728,5
0,-95,-831,-2129659688,5
-23,-103,-839,-2129659648,5
-15,-95,-855,-2129659608,5
-55,-87,-887,-2129659568,5
-63,-111,-927,-2129659528,5
-47,-103,-1007,-2129659488,5
-71,-151,-1039,-2129659448,5
-47,-87,-1119,-2129659408,5
-39,-71,-1135,-2129659368,5
-15,-79,-1175,-2129659328,5
-7,-55,-1119,-2129659777,5
8,-7,-1119,-2129659737,5
0,16,-1079,-2129659697,5
8,32,-999,-2129659657,5
24,48,-983,-2129659617,5
56,56,-983,-2129659577,5
40,24,-1015,-2129659537,5
32,48,-951,-2129659497,5
64,32,-959,-2129659457,5
48,0,-951,-2129659417,5
32,-39,-919,-2129659377,5
16,-47,-911,-2129659337,5
24,-71,-935,-2129659297,5
16,-111,-887,-2129659257,5
24,-151,-919,-2129659217,5
32,-119,-951,-2129659177,5
24,-127,-967,-2129659137,5
40,-135,-935,-2129659097,5
40,-127,-991,-2129659057,5
64,-111,-967,-2129659017,5
64,-143,-1007,-2129658977,5
88,-79,-1127,-2129658937,5
24,-111,-1031,-2129658897,5
56,-111,-1031,-2129658857,5
72,-127,-1031,-2129658817,5
112,-159,-1119,-2129659266,5
96,-135,-999,-2129659226,5
96,-95,-999,-2129659186,5
80,-103,-967,-2129659146,5
72,-119,-1031,-2129659106,5
48,-151,-951,-2129659066,5
72,-127,-895,-2129659026,5
56,-95,-911,-2129658986,5
32,-79,-863,-2129658946,5
-23,-95,-879,-2129658906,5
24,-119,-919,-2129658866,5
24,-135,-863,-2129658826,5
48,-135,-935,-2129658786,5
56,-127,-967,-2129658746,5
40,-151,-895,-2129658706,5
-335,-943,-911,-2129657534,6
728,-855,-615,-2129657494,6
200,-1895,-463,-2129657454,6
576,496,-1559,-2129657414,6
-1159,112,-1295,-2129657374,6
-1055,-1703,-439,-2129657334,6
608,-2103,-215,-2129657294,6
1872,-519,-879,-2129657254,6
1264,1480,-1719,-2129657214,6
-799,1376,-1599,-2129657174,6
-1575,-719,-591,-2129657134,6
-39,-1951,-63,-2129657094,6
1560,-623,-983,-2129657054,6
1264,1464,-1871,-2129657014,6
-775,1272,-1559,-2129656974,6
-1447,-943,-391,-2129656934,6
456,-903,-567,-2129656894,6
984,-207,-919,-2129656854,6
856,-455,-599,-2129656814,6
312,-63,-1111,-2129656774,6
208,64,-967,-2129657224,6
48,-71,-1071,-2129657184,6
104,-55,-959,-2129657144,6
80,-119,-943,-2129657104,6
72,-167,-999,-2129657064,6
48,-159,-967,-2129657024,6
40,-175,-1015,-2129656984,6
24,-151,-1015,-2129656944,6
40,-151,-991,-2129656904,6
40,-127,-959,-2129656864,6
8,-159,-1031,-2129656824,6
24,-175,-999,-2129656784,6
48,-167,-1007,-2129656744,6
40,-103,-935,-2129656704,6
24,-111,-999,-2129656664,6
16,-135,-967,-2129656624,6
24,-143,-983,-2129656584,6
48,-143,-959,-2129656544,6
64,-119,-975,-2129656504,6
64,-159,-975,-2129656464,6
104,-183,-967,-2129656424,6
88,-207,-967,-2129656384,6
80,-199,-943,-2129656344,6
96,-223,-951,-2129656304,6
88,-263,-999,-2129656264,6
112,-319,-975,-2129656713,6
120,-287,-975,-2129656673,6
120,-271,-935,-2129656633,6
128,-263,-911,-2129656593,6
136,-279,-967,-2129656553,6
152,-287,-975,-2129656513,6
152,-287,-1007,-2129656473,6
152,-271,-919,-2129656433,6
184,-247,-919,-2129656393,6
168,-271,-927,-2129656353,6
144,-287,-943,-2129656313,6
144,-319,-927,-2129656273,6
176,-311,-943,-2129656233,6
160,-311,-919,-2129656193,6
152,-311,-927,-2129656153,6
168,-319,-975,-2129656113,6
168,-319,-919,-2129656073,6
168,-303,-919,-2129656033,6
184,-295,-903,-2129655993,6
160,-287,-895,-2129655953,6
168,-279,-903,-2129655913,6
168,-279,-927,-2129655873,6
168,-279,-911,-2129655833,6
168,-287,-959,-2129655793,6
168,-311,-903,-2129655753,6
176,-311,-911,-2129656203,6
168,-279,-823,-2129656163,6
168,-263,-871,-2129656123,6
200,-295,-815,-2129656083,6
168,-271,-871,-2129656043,6
144,-239,-855,-2129656003,6
96,-263,-919,-2129655963,6
80,-287,-911,-2129655923,6
88,-287,-1007,-2129655883,6
104,-287,-975,-2129655843,6
104,-311,-983,-2129655803,6
136,-287,-1015,-2129655763,6
88,-279,-1039,-2129655723,6
88,-287,-1047,-2129655683,6
88,-271,-1079,-2129655643,6
88,-239,-1103,-2129655603,6
48,-215,-1079,-2129655563,6
64,-207,-1103,-2129655523,6
88,-207,-1071,-2129655483,6
72,-199,-1015,-2129655443,6
64,-191,-999,-2129655403,6
40,-183,-991,-2129655363,6
48,-175,-967,-2129655323,6
40,-167,-943,-2129655283,6
48,-167,-927,-2129655243,6
64,-183,-911,-2129655692,6
64,-175,-887,-2129655652,6
64,-183,-855,-2129655612,6
56,-183,-847,-2129655572,6
48,-175,-871,-2129655532,6
48,-191,-855,-2129655492,6
32,-183,-799,-2129655452,6
32,-199,-839,-2129655412,6
56,-191,-895,-2129655372,6
48,-191,-895,-2129655332,6
40,-191,-919,-2129655292,6
40,-199,-919,-2129655252,6
40,-207,-975,-2129655212,6
32,-215,-975,-2129655172,6
24,-207,-999,-2129655132,6
24,-207,-1039,-2129655092,6
32,-215,-1071,-2129655052,6
32,-191,-1079,-2129655012,6
24,-191,-1087,-2129654972,6
16,-183,-1087,-2129654932,6
16,-175,-1063,-2129654892,6
8,-175,-1047,-2129654852,6
16,-191,-1079,-2129654812,6
8,-167,-1023,-2129654772,6
24,-143,-1023,-2129654732,6
0,-143,-983,-2129655181,6
-7,-159,-991,-2129655141,6
-39,-159,-959,-2129655101,6
-7,-159,-935,-2129655061,6
0,-119,-855,-2129655021,6
-23,-135,-903,-2129654981,6
-15,-143,-871,-2129654941,6
-15,-127,-927,-2129654901,6
-15,-135,-863,-2129654861,6
-31,-151,-927,-2129654821,6
-39,-175,-1023,-2129654781,6
-39,-175,-975,-2129654741,6
-15,-175,-1015,-2129654701,6
-23,-191,-1055,-2129654661,6
-31,-183,-1047,-2129654621,6
0,-175,-1095,-2129654581,6
-15,-191,-1047,-2129654541,6
-23,-183,-1087,-2129654501,6
-55,-199,-1047,-2129654461,6
-39,-199,-1007,-2129654421,6
-31,-223,-991,-2129654381,6
-23,-199,-967,-2129654341,6
-7,-183,-983,-2129654301,6
0,-183,-943,-2129654261,6
8,-183,-863,-2129654221,6
40,-167,-935,-2129654670,6
40,-167,-935,-2129654630,6
24,-175,-935,-2129654590,6
32,-175,-935,-2129654550,6
40,-175,-927,-2129654510,6
56,-167,-935,-2129654470,6
72,-175,-959,-2129654430,6
56,-159,-935,-2129654390,6
40,-175,-943,-2129654350,6
16,-167,-879,-2129654310,6
16,-167,-943,-2129654270,6
16,-167,-919,-2129654230,6
-15,-167,-935,-2129654190,6
8,-167,-951,-2129654150,6
-7,-167,-935,-2129654110,6
8,-175,-975,-2129654070,6
16,-175,-983,-2129654030,6
-23,-175,-991,-2129653990,6
-15,-191,-1015,-2129653950,6
-7,-191,-1007,-2129653910,6
-31,-223,-1095,-2129653870,6
-15,-207,-1047,-2129653830,6
-39,-199,-1031,-2129653790,6
-55,-199,-1007,-2129653750,6
-55,-183,-983,-2129653710,6
-63,-167,-959,-2129654160,6
-63,-159,-1007,-2129654120,6
-55,-143,-903,-2129654080,6
-71,-143,-903,-2129654040,6
-47,-151,-911,-2129654000,6
-31,-167,-911,-2129653960,6
-47,-175,-935,-2129653920,6
-39,-175,-975,-2129653880,6
-39,-183,-943,-2129653840,6
-31,-167,-1031,-2129653800,6
-39,-167,-967,-2129653760,6
-23,-175,-1007,-2129653720,6
-39,-151,-959,-2129653680,6
-47,-151,-967,-2129653640,6
-31,-175,-1031,-2129653600,6
-23,-167,-1039,-2129653560,6
16,-175,-1031,-2129653520,6
-7,-183,-983,-2129653480,6
-23,-191,-1063,-2129653440,6
-23,-191,-959,-2129653400,6
0,-183,-1015,-2129653360,6
-7,-167,-983,-2129653320,6
-7,-151,-967,-2129653280,6
-7,-167,-943,-2129653240,6
-23,-167,-959,-2129653200,6
-7,-151,-919,-2129653650,6
0,-159,-967,-2129653610,6
24,-175,-903,-2129653570,6
16,-167,-935,-2129653530,6
8,-191,-959,-2129653490,6
-7,-183,-959,-2129653450,6
-7,-183,-927,-2129653410,6
-23,-175,-919,-2129653370,6
0,-167,-975,-2129653330,6
0,-175,-983,-2129653290,6
0,-175,-1007,-2129653250,6
0,-175,-983,-2129653210,6
-7,-183,-951,-2129653170,6
0,-167,-999,-2129653130,6
16,-167,-975,-2129653090,6
8,-191,-991,-2129653050,6
24,-183,-967,-2129653010,6
8,-183,-975,-2129652970,6
-15,-167,-911,-2129652930,6
0,-159,-975,-2129652890,6
0,-159,-967,-2129652850,6
-7,-159,-999,-2129652810,6
-23,-167,-959,-2129652770,6
0,-151,-959,-2129652730,6
-23,-175,-959,-2129652690,6
-15,-167,-975,-2129653139,6
-15,-183,-975,-2129653099,6
-31,-167,-951,-2129653059,6
-23,-159,-967,-2129653019,6
-23,-183,-999,-2129652979,6
-7,-175,-991,-2129652939,6
0,-167,-967,-2129652899,6
-7,-191,-967,-2129652859,6
-7,-199,-975,-2129652819,6
-7,-183,-975,-2129652779,6
-7,-175,-975,-2129652739,6
-31,-167,-967,-2129652699,6
-15,-151,-967,-2129652659,6
-7,-143,-967,-2129652619,6
-23,-159,-951,-2129652579,6
-31,-175,-999,-2129652539,6
0,-191,-983,-2129652499,6
0,-167,-959,-2129652459,6
-7,-167,-951,-2129652419,6
16,-175,-983,-2129652379,6
8,-167,-935,-2129652339,6
8,-159,-967,-2129652299,6
0,-175,-975,-2129652259,6
8,-143,-983,-2129652219,6
0,-151,-999,-2129652179,6
0,-159,-975,-2129651608,6
8,-159,-975,-2129651568,6
0,-167,-959,-2129651528,6
0,-167,-959,-2129651488,6
0,-167,-975,-2129651448,6
0,-167,-967,-2129651408,6
0,-167,-951,-2129651368,6
8,-167,-959,-2129651328,6
16,-167,-975,-2129651288,6
8,-151,-975,-2129651248,6
0,-159,-975,-2129651208,6
0,-151,-975,-2129651168,6
0,-159,-975,-2129651128,6
8,-175,-975,-2129651088,6
16,-159,-951,-2129651048,6
16,-151,-967,-2129651008,6
8,-167,-951,-2129650968,6
16,-175,-983,-2129650928,6
16,-183,-983,-2129650888,6
16,-183,-967,-2129650848,6
48,-183,-1047,-2129650808,6
40,-223,-959,-2129650768,6
24,-231,-959,-2129650728,6
16,-183,-919,-2129650688,6
24,-231,-975,-2129650648,6
8,-199,-951,-2129651097,6
16,-191,-983,-2129651057,6
8,-151,-983,-2129651017,6
8,-167,-951,-2129650977,6
16,-175,-1007,-2129650937,6
32,-175,-983,-2129650897,6
24,-167,-967,-2129650857,6
24,-167,-967,-2129650817,6
24,-167,-967,-2129650777,6
-31,-167,-959,-2129650737,6
32,-167,-967,-2129650697,6
32,-175,-991,-2129650657,6
40,-159,-967,-2129650617,6
40,-167,-975,-2129650577,6
40,-167,-967,-2129650537,6
48,-143,-975,-2129650497,6
40,-175,-975,-2129650457,6
32,-159,-967,-2129650417,6
32,-143,-1007,-2129650377,6
24,-151,-935,-2129650337,6
16,-167,-991,-2129650297,6
8,-175,-975,-2129650257,6
-23,-167,-943,-2129650217,6
0,-175,-967,-2129650177,6
8,-191,-927,-2129650137,6
24,-199,-975,-2129650586,6
8,-191,-983,-2129650546,6
-55,-191,-935,-2129650506,6
-7,-199,-991,-2129650466,6
16,-183,-975,-2129650426,6
16,-167,-983,-2129650386,6
8,-167,-983,-2129650346,6
24,-151,-967,-2129650306,6
16,-159,-919,-2129650266,6
0,-167,-959,-2129650226,6
16,-167,-911,-2129650186,6
16,-175,-959,-2129650146,6
24,-167,-983,-2129650106,6
16,-183,-975,-2129650066,6
24,-183,-975,-2129650026,6
16,-143,-935,-2129649986,6
-7,-167,-903,-2129649946,6
0,-167,-951,-2129649906,6
64,-167,-967,-2129649866,6
40,-151,-967,-2129649826,6
40,-167,-967,-2129649786,6
24,-167,-975,-2129649746,6
16,-159,-983,-2129649706,6
24,-151,-951,-2129649666,6
-7,-183,-967,-2129649626,6
0,-183,-983,-2129650076,6
-23,-175,-935,-2129650036,6
0,-167,-919,-2129649996,6
24,-159,-983,-2129649956,6
16,-183,-999,-2129649916,6
-7,-167,-959,-2129649876,6
8,-167,-975,-2129649836,6
16,-159,-911,-2129649796,6
24,-167,-983,-2129649756,6
24,-175,-959,-2129649716,6
24,-175,-1015,-2129649676,6
24,-183,-967,-2129649636,6
32,-183,-975,-2129649596,6
32,-183,-967,-2129649556,6
24,-183,-983,-2129649516,6
24,-175,-975,-2129649476,6
32,-175,-991,-2129649436,6
32,-167,-935,-2129649396,6
16,-175,-975,-2129649356,6
16,-159,-919,-2129649316,6
16,-159,-967,-2129649276,6
24,-135,-983,-2129649236,6
8,-151,-983,-2129649196,6
8,-159,-951,-2129649156,6
8,-175,-1007,-2129649116,6
16,-167,-983,-2129649565,6
16,-159,-983,-2129649525,6
16,-167,-999,-2129649485,6
16,-167,-991,-2129649445,6
-23,-167,-967,-2129649405,6
0,-159,-959,-2129649365,6
24,-167,-999,-2129649325,6
32,-159,-975,-2129649285,6
8,-159,-975,-2129649245,6
16,-143,-975,-2129649205,6
-15,-135,-943,-2129649165,6
-23,-159,-959,-2129649125,6
24,-151,-959,-2129649085,6
0,-175,-991,-2129649045,6
16,-183,-983,-2129649005,6
8,-167,-911,-2129647322,7
80,-135,-871,-2129647282,7
0,-167,-887,-2129647242,7
-31,-215,-959,-2129647202,7
-15,-215,-935,-2129647162,7
-15,-223,-935,-2129647122,7
-15,-183,-911,-2129647082,7
-15,-175,-951,-2129647042,7
-119,-111,-1247,-2129647002,7
-63,-151,-943,-2129646962,7
-23,-143,-959,-2129646922,7
-15,-167,-935,-2129646882,7
208,-103,-943,-2129646842,7
-375,-295,-1079,-2129646802,7
680,504,-1839,-2129646762,7
1048,1352,-2071,-2129646722,7
2432,-247,-1455,-2129646682,7
-655,872,-487,-2129646642,7
-383,-1551,-319,-2129646602,7
1808,-2247,-1463,-2129646562,7
2944,-2071,-1663,-2129647011,7
3512,-1951,-1735,-2129646971,7
3800,-2023,-1663,-2129646931,7
3936,-2167,-1455,-2129646891,7
560,-1751,-23,-2129646851,7
1376,-807,-1239,-2129646811,7
1144,-39,-1143,-2129646771,7
608,-431,-727,-2129646731,7
344,-471,-775,-2129646691,7
312,-47,-951,-2129646651,7
224,-127,-775,-2129646611,7
120,-167,-847,-2129646571,7
64,-135,-855,-2129646531,7
-15,-87,-887,-2129646491,7
-47,-135,-983,-2129646451,7
-79,-199,-975,-2129646411,7
-47,-231,-1023,-2129646371,7
-63,-231,-1023,-2129646331,7
-47,-247,-1095,-2129646291,7
-23,-271,-1127,-2129646251,7
32,-239,-1175,-2129646211,7
32,-215,-1151,-2129646171,7
40,-183,-1151,-2129646131,7
48,-167,-1127,-2129646091,7
64,-127,-1095,-2129646051,7
64,-103,-1087,-2129646501,7
64,-55,-1047,-2129646461,7
88,-31,-983,-2129646421,7
104,-7,-1015,-2129646381,7
120,-7,-983,-2129646341,7
88,-7,-1023,-2129646301,7
96,0,-927,-2129646261,7
88,0,-855,-2129646221,7
88,8,-911,-2129646181,7
72,8,-799,-2129646141,7
64,-23,-855,-2129646101,7
32,-31,-855,-2129646061,7
0,-39,-951,-2129646021,7
-39,-23,-903,-2129645981,7
-39,-31,-895,-2129645941,7
-15,-47,-975,-2129645901,7
-15,-79,-991,-2129645861,7
32,-103,-1023,-2129645821,7
48,-119,-1079,-2129645781,7
72,-143,-1087,-2129645741,7
104,-143,-1055,-2129645701,7
80,-143,-1111,-2129645661,7
72,-135,-1111,-2129645621,7
32,-151,-1079,-2129645581,7
16,-127,-1039,-2129645541,7
-79,-23,-847,-2129644969,7
-95,-23,-863,-2129644929,7
-95,-15,-895,-2129644889,7
-87,-39,-943,-2129644849,7
-95,-63,-951,-2129644809,7
-47,-87,-951,-2129644769,7
-55,-103,-1007,-2129644729,7
-55,-167,-1031,-2129644689,7
-15,-175,-1007,-2129644649,7
-15,-167,-1039,-2129644609,7
8,-135,-1063,-2129644569,7
32,-119,-1103,-2129644529,7
48,-111,-1103,-2129644489,7
64,-103,-1111,-2129644449,7
56,-111,-1079,-2129644409,7
56,-119,-1063,-2129644369,7
56,-79,-1079,-2129644329,7
64,-47,-1015,-2129644289,7
80,-31,-991,-2129644249,7
88,-31,-911,-2129644209,7
96,-15,-959,-2129644169,7
88,8,-943,-2129644129,7
80,8,-879,-2129644089,7
56,24,-855,-2129644049,7
40,40,-823,-2129644009,7
32,24,-807,-2129644459,7
8,24,-783,-2129644419,7
32,8,-823,-2129644379,7
32,0,-823,-2129644339,7
48,-15,-887,-2129644299,7
32,-31,-863,-2129644259,7
72,-31,-967,-2129644219,7
64,-39,-1015,-2129644179,7
56,-103,-1071,-2129644139,7
72,-95,-1111,-2129644099,7
56,-95,-1079,-2129644059,7
56,-63,-1095,-2129644019,7
56,-55,-1175,-2129643979,7
56,-63,-1151,-2129643939,7
48,-87,-1199,-2129643899,7
40,-87,-1143,-2129643859,7
24,-71,-1087,-2129643819,7
16,-39,-1063,-2129643779,7
16,-39,-1031,-2129643739,7
16,-47,-1015,-2129643699,7
-7,-55,-943,-2129643659,7
-23,-39,-927,-2129643619,7
-31,-47,-951,-2129643579,7
-71,-39,-887,-2129643539,7
-71,-47,-887,-2129643499,7
-87,-47,-871,-2129643948,7
-95,-55,-871,-2129643908,7
-95,-31,-863,-2129643868,7
-111,-39,-847,-2129643828,7
-95,-31,-919,-2129643788,7
-79,-55,-919,-2129643748,7
-47,-47,-943,-2129643708,7
-47,-31,-991,-2129643668,7
-55,-39,-1007,-2129643628,7
-39,-55,-1039,-2129643588,7
-7,-63,-1007,-2129643548,7
0,-55,-1071,-2129643508,7
-23,-71,-1103,-2129643468,7
-31,-119,-1103,-2129643428,7
-39,-119,-1119,-2129643388,7
-23,-111,-1055,-2129643348,7
-31,-111,-1095,-2129643308,7
-15,-95,-1047,-2129643268,7
-7,-103,-999,-2129643228,7
24,-95,-983,-2129643188,7
64,-63,-927,-2129643148,7
64,-47,-903,-2129643108,7
48,-23,-879,-2129643068,7
72,-15,-895,-2129643028,7
64,0,-863,-2129642988,7
56,-15,-855,-2129643437,7
48,-31,-855,-2129643397,7
72,-15,-871,-2129643357,7
72,-7,-903,-2129643317,7
96,-47,-951,-2129643277,7
104,-63,-967,-2129643237,7
104,-87,-999,-2129643197,7
104,-127,-1055,-2129643157,7
88,-175,-1055,-2129643117,7
88,-191,-1103,-2129643077,7
88,-207,-1087,-2129643037,7
80,-183,-1047,-2129642997,7
80,-159,-1095,-2129642957,7
72,-135,-1055,-2129642917,7
40,-127,-1039,-2129642877,7
32,-111,-999,-2129642837,7
24,-103,-975,-2129642797,7
16,-103,-983,-2129642757,7
0,-71,-951,-2129642717,7
0,-71,-935,-2129642677,7
0,-55,-895,-2129642637,7
-23,-31,-887,-2129642597,7
-15,-15,-879,-2129642557,7
-39,8,-855,-2129642517,7
-55,8,-855,-2129642477,7
-79,32,-919,-2129642927,7
-79,32,-903,-2129642887,7
-95,8,-839,-2129642847,7
-87,-63,-999,-2129642807,7
-71,-79,-1039,-2129642767,7
-47,-119,-1055,-2129642727,7
-39,-151,-1103,-2129642687,7
-15,-175,-1087,-2129642647,7
-23,-183,-1127,-2129642607,7
-7,-167,-1103,-2129642567,7
-7,-167,-1095,-2129642527,7
8,-143,-1079,-2129642487,7
16,-119,-1055,-2129642447,7
24,-87,-1119,-2129642407,7
32,-39,-1055,-2129642367,7
32,-7,-951,-2129642327,7
32,24,-983,-2129642287,7
16,48,-935,-2129642247,7
40,64,-943,-2129642207,7
32,64,-919,-2129642167,7
16,112,-951,-2129642127,7
16,88,-871,-2129642087,7
24,72,-935,-2129642047,7
24,56,-975,-2129642007,7
32,24,-935,-2129641967,7
32,0,-991,-2129642417,7
56,-7,-1031,-2129642377,7
64,-55,-1039,-2129642337,7
40,-55,-1055,-2129642297,7
64,-31,-1055,-2129642257,7
40,-47,-1055,-2129642217,7
32,-47,-1103,-2129642177,7
24,-47,-1103,-2129642137,7
16,-47,-1031,-2129642097,7
8,-63,-1031,-2129642057,7
8,-71,-991,-2129642017,7
0,-79,-943,-2129641977,7
-7,-71,-903,-2129641937,7
-7,-87,-895,-2129641897,7
-7,-79,-831,-2129641857,7
0,-71,-823,-2129641817,7
0,-87,-855,-2129641777,7
32,-47,-815,-2129641737,7
24,-63,-879,-2129641697,7
24,-71,-879,-2129641657,7
32,-79,-895,-2129641617,7
32,-79,-975,-2129641577,7
32,-63,-975,-2129641537,7
16,-87,-1031,-2129641497,7
8,-79,-1095,-2129641457,7
24,-63,-999,-2129641906,7
16,-47,-1095,-2129641866,7
16,-39,-1055,-2129641826,7
64,-87,-1103,-2129641786,7
96,-111,-1119,-2129641746,7
112,-119,-1103,-2129641706,7
128,-87,-1111,-2129641666,7
128,-95,-1071,-2129641626,7
144,-87,-1031,-2129641586,7
152,-71,-1007,-2129641546,7
128,-71,-935,-2129641506,7
136,-63,-935,-2129641466,7
152,-47,-903,-2129641426,7
144,-47,-879,-2129641386,7
112,-39,-839,-2129641346,7
104,-7,-847,-2129641306,7
96,-15,-823,-2129641266,7
120,-23,-887,-2129641226,7
96,-55,-879,-2129641186,7
88,-55,-879,-2129641146,7
80,-63,-887,-2129641106,7
96,-39,-935,-2129641066,7
88,-39,-959,-2129641026,7
96,-23,-999,-2129640986,7
88,-23,-983,-2129640946,7
96,-31,-1039,-2129641395,7
128,-15,-1063,-2129641355,7
104,0,-1031,-2129641315,7
128,-7,-1143,-2129641275,7
96,-7,-1103,-2129641235,7
80,-7,-1079,-2129641195,7
72,-39,-1063,-2129641155,7
56,-55,-1063,-2129641115,7
56,-55,-1039,-2129641075,7
56,-55,-1039,-2129641035,7
40,-71,-991,-2129640995,7
24,-39,-975,-2129640955,7
16,-15,-959,-2129640915,7
24,-15,-911,-2129640875,7
8,-7,-935,-2129640835,7
16,-15,-863,-2129640795,7
-31,0,-871,-2129640755,7
-39,0,-775,-2129640715,7
-15,8,-887,-2129640675,7
-15,-39,-911,-2129640635,7
-15,-39,-887,-2129640595,7
-7,-71,-959,-2129640555,7
8,-95,-1023,-2129640515,7
24,-111,-1023,-2129640475,7
24,-127,-1119,-2129640435,7
48,-143,-1087,-2129640884,7
64,-111,-1103,-2129640844,7
48,-95,-1087,-2129640804,7
56,-71,-1111,-2129640764,7
56,-63,-1087,-2129640724,7
80,-79,-1087,-2129640684,7
64,-47,-1039,-2129640644,7
64,-39,-999,-2129640604,7
56,-31,-1007,-2129640564,7
56,-31,-983,-2129640524,7
88,-31,-943,-2129640484,7
72,-23,-935,-2129640444,7
64,-31,-927,-2129640404,7
80,-39,-887,-2129640364,7
80,-31,-847,-2129640324,7
80,-23,-863,-2129640284,7
72,-23,-855,-2129640244,7
104,-39,-847,-2129640204,7
104,-31,-895,-2129640164,7
104,-55,-935,-2129640124,7
88,-79,-975,-2129640084,7
80,-55,-999,-2129640044,7
56,-63,-1015,-2129640004,7
96,-55,-1111,-2129639964,7
64,-47,-1079,-2129639924,7
64,-39,-1055,-2129640373,7
64,-31,-1071,-2129640333,7
56,-63,-1031,-2129640293,7
80,-103,-1079,-2129640253,7
40,-95,-1063,-2129640213,7
56,-103,-1023,-2129640173,7
128,-127,-983,-2129640133,7
80,-119,-975,-2129640093,7
-15,-127,-951,-2129640053,7
-15,-95,-919,-2129640013,7
-23,-87,-911,-2129639973,7
-23,-63,-831,-2129639933,7
-7,-47,-895,-2129639893,7
-55,-63,-847,-2129639853,7
-39,-71,-911,-2129639813,7
-47,-103,-911,-2129639773,7
-7,-87,-919,-2129639733,7
-7,-87,-959,-2129639693,7
-23,-103,-975,-2129639653,7
8,-143,-1023,-2129639613,7
8,-151,-1055,-2129639573,7
24,-135,-1023,-2129639533,7
40,-111,-1063,-2129639493,7
8,-135,-1119,-2129639453,7
40,-183,-1135,-2129639413,7
24,-183,-1103,-2129639862,7
16,-159,-1055,-2129639822,7
56,-151,-1087,-2129639782,7
56,-111,-1031,-2129639742,7
56,-111,-1039,-2129639702,7
40,-111,-935,-2129639662,7
64,-103,-911,-2129639622,7
80,-87,-919,-2129639582,7
72,-79,-863,-2129639542,7
64,-71,-911,-2129639502,7
32,-71,-943,-2129639462,7
32,-87,-879,-2129639422,7
56,-79,-887,-2129639382,7
56,-63,-935,-2129639342,7
72,-71,-935,-2129639302,7
64,-79,-967,-2129639262,7
72,-79,-975,-2129639222,7
72,-71,-1023,-2129639182,7
72,-103,-1031,-2129639142,7
80,-103,-1079,-2129639102,7
80,-119,-1039,-2129639062,7
64,-119,-1063,-2129639022,7
72,-119,-1047,-2129638982,7
72,-135,-1039,-2129638942,7
64,-135,-1031,-2129638902,7
64,-95,-1039,-2129638840,7
64,-119,-1023,-2129638800,7
72,-119,-999,-2129638760,7
56,-111,-991,-2129638720,7
48,-127,-999,-2129638680,7
56,-103,-999,-2129638640,7
56,-95,-967,-2129638600,7
64,-103,-999,-2129638560,7
80,-111,-943,-2129638520,7
104,-135,-943,-2129638480,7
96,-143,-967,-2129638440,7
72,-111,-951,-2129638400,7
56,-135,-999,-2129638360,7
40,-135,-911,-2129638320,7
64,-127,-951,-2129638280,7
-15,-127,-991,-2129613306,8
-39,-135,-983,-2129613266,8
-31,-119,-991,-2129613226,8
-39,-151,-999,-2129613186,8
-15,-159,-991,-2129613146,8
-31,-143,-975,-2129613106,8
-15,-167,-975,-2129613066,8
-23,-191,-967,-2129613026,8
-39,-175,-975,-2129612986,8
-39,-135,-959,-2129612946,8
-71,-151,-919,-2129612906,8
-55,-143,-975,-2129612866,8
-119,-143,-1007,-2129612826,8
-47,-103,-1047,-2129612786,8
24,-151,-967,-2129612746,8
80,-159,-935,-2129612706,8
16,-175,-1007,-2129612666,8
-111,-255,-983,-2129612626,8
-447,-527,-943,-2129612586,8
-1063,-807,-735,-2129612546,8
88,-1295,-679,-2129612506,8
-919,-1975,112,-2129612466,8
-431,424,-1807,-2129612426,8
-1663,-1159,392,-2129612386,8
1208,-1031,-1935,-2129612346,8
432,1248,-1543,-2129612795,8
-1823,736,-127,-2129612755,8
-2127,-1271,576,-2129612715,8
-975,-2551,-63,-2129612675,8
912,-631,-2047,-2129612635,8
-239,552,-1495,-2129612595,8
-103,864,-1527,-2129612555,8
-295,-31,-895,-2129612515,8
-535,-167,-1047,-2129612475,8
-191,-327,-839,-2129612435,8
-231,-111,-1039,-2129612395,8
-111,-7,-1007,-2129612355,8
-119,-23,-1015,-2129612315,8
-79,-71,-959,-2129612275,8
-31,-47,-887,-2129612235,8
-39,-127,-967,-2129612195,8
-31,-143,-919,-2129612155,8
-15,-143,-991,-2129612115,8
-7,-135,-999,-2129612075,8
-23,-143,-983,-2129612035,8
-31,-159,-991,-2129611995,8
-23,-151,-991,-2129611955,8
-39,-151,-975,-2129611915,8
-23,-151,-975,-2129611875,8
-23,-143,-943,-2129611835,8
-23,-167,-1007,-2129612285,8
-15,-143,-927,-2129612245,8
-31,-135,-1015,-2129612205,8
-23,-127,-991,-2129612165,8
-39,-127,-959,-2129612125,8
-31,-143,-959,-2129612085,8
-15,-151,-975,-2129612045,8
8,-127,-999,-2129612005,8
-23,-143,-983,-2129611965,8
-39,-151,-951,-2129611925,8
-31,-135,-999,-2129611885,8
-23,-127,-967,-2129611845,8
-15,-119,-959,-2129611805,8
-15,-119,-975,-2129611765,8
-15,-119,-983,-2129611725,8
-7,-119,-959,-2129611685,8
-31,-127,-1015,-2129611645,8
-63,-127,-991,-2129611605,8
-39,-119,-991,-2129611565,8
-39,-119,-983,-2129611525,8
-39,-119,-991,-2129611485,8
-23,-119,-959,-2129611445,8
-31,-103,-959,-2129611405,8
-31,-119,-991,-2129611365,8
-39,-111,-1007,-2129611325,8
-23,-119,-959,-2129611774,8
-15,-151,-951,-2129611734,8
-7,-127,-951,-2129611694,8
-7,-111,-1023,-2129611654,8
-15,-111,-967,-2129611614,8
16,-143,-983,-2129611574,8
16,-143,-999,-2129611534,8
0,-135,-927,-2129611494,8
0,-95,-991,-2129611454,8
-7,-119,-983,-2129611414,8
-15,-127,-959,-2129611374,8
-15,-135,-951,-2129611334,8
-15,-135,-959,-2129611294,8
-39,-127,-1007,-2129611254,8
-23,-111,-991,-2129611214,8
-7,-103,-1015,-2129611174,8
-39,-119,-967,-2129611134,8
-39,-119,-1015,-2129611094,8
-23,-127,-1007,-2129611054,8
-23,-119,-967,-2129611014,8
-23,-111,-959,-2129610974,8
-31,-119,-975,-2129610934,8
-15,-111,-919,-2129610894,8
0,-111,-983,-2129610854,8
8,-119,-999,-2129610814,8
16,-143,-967,-2129611263,8
0,-127,-975,-2129611223,8
-7,-135,-975,-2129611183,8
0,-135,-1007,-2129611143,8
-7,-127,-1015,-2129611103,8
-15,-111,-951,-2129611063,8
0,-111,-967,-2129611023,8
-7,-119,-967,-2129610983,8
8,-127,-951,-2129610943,8
0,-95,-959,-2129610903,8
0,-95,-983,-2129610863,8
-7,-135,-983,-2129610823,8
-47,-143,-967,-2129610783,8
-63,-127,-959,-2129610743,8
-71,-119,-959,-2129610703,8
-31,-111,-919,-2129610663,8
-31,-127,-943,-2129610623,8
0,-135,-975,-2129610583,8
-15,-135,-1047,-2129610543,8
8,-111,-967,-2129610503,8
-7,-111,-1031,-2129610463,8
0,-95,-967,-2129610423,8
0,-103,-1015,-2129610383,8
-7,-103,-943,-2129610343,8
-7,-87,-959,-2129610303,8
16,-87,-935,-2129610753,8
0,-95,-1007,-2129610713,8
-15,-119,-999,-2129610673,8
-31,-103,-991,-2129610633,8
-23,-71,-951,-2129610593,8
-39,-79,-967,-2129610553,8
-31,-103,-967,-2129610513,8
-23,-111,-967,-2129610473,8
0,-135,-967,-2129610433,8
-15,-119,-967,-2129610393,8
16,-103,-999,-2129610353,8
8,-103,-951,-2129610313,8
0,-127,-975,-2129610273,8
-7,-135,-983,-2129610233,8
-15,-111,-1007,-2129610193,8
-15,-111,-951,-2129610153,8
-23,-95,-975,-2129610113,8
0,-119,-975,-2129610073,8
-23,-103,-975,-2129610033,8
-31,-103,-983,-2129609993,8
-15,-151,-991,-2129609953,8
-15,-127,-975,-2129609913,8
-15,-119,-967,-2129609873,8
-23,-127,-967,-2129609833,8
-23,-119,-967,-2129609793,8
-15,-111,-967,-2129610243,8
-39,-111,-967,-2129610203,8
-15,-87,-999,-2129610163,8
-7,-95,-959,-2129610123,8
-15,-103,-911,-2129610083,8
-23,-95,-983,-2129610043,8
-23,-103,-1023,-2129610003,8
-31,-95,-983,-2129609963,8
-31,-87,-1031,-2129609923,8
-7,-63,-1007,-2129609883,8
-31,-63,-951,-2129609843,8
-39,-79,-983,-2129609803,8
-199,-151,-1191,-2129609763,8
-295,8,-1023,-2129609723,8
-199,-71,-927,-2129609683,8
-175,8,-935,-2129609643,8
-95,-47,-951,-2129609603,8
-31,-135,-1007,-2129609563,8
-23,-135,-1047,-2129609523,8
-31,-95,-1039,-2129609483,8
-39,-87,-1015,-2129609443,8
-31,-103,-991,-2129609403,8
-15,-119,-991,-2129609363,8
-7,-87,-1015,-2129609323,8
0,-71,-999,-2129609283,8
-23,-87,-999,-2129609732,8
-39,-87,-1007,-2129609692,8
-7,-95,-983,-2129609652,8
-7,-103,-983,-2129609612,8
-23,-103,-951,-2129609572,8
16,-103,-1031,-2129609532,8
8,-151,-951,-2129609492,8
16,-127,-959,-2129609452,8
-31,-111,-991,-2129609412,8
-47,-95,-975,-2129609372,8
-7,-119,-951,-2129609332,8
-15,-103,-959,-2129609292,8
-31,-87,-951,-2129609252,8
-63,-95,-975,-2129609212,8
-23,-127,-935,-2129609172,8
16,-111,-943,-2129609132,8
-15,-127,-935,-2129609092,8
-87,-159,-1015,-2129609052,8
-103,-143,-1023,-2129609012,8
-79,-135,-983,-2129608972,8
-79,-127,-991,-2129608932,8
-15,-103,-1007,-2129608892,8
24,-111,-1023,-2129608852,8
24,-71,-951,-2129608812,8
32,-55,-959,-2129608772,8
